ISO-10303-21;
HEADER;
/*Generated by software containing ST-Developer
 * from STEP Tools, Inc. (www.steptools.com) 
 */
/*OPTION: using custom renumber hook */
/*description */
/*implementation_level */
FILE_DESCRIPTION(('STEP AP242 Edition 2','STEP AP242 Edition 2''CAx-IF Rec.Pracs.---Representation and Presentation of Product Manufa
cturing Information (PMI)---4.0---2014-10-13','STEP AP242 Edition 2''CAx-IF Rec.Pracs.---Representation and Presentation of Product Manufa
cturing Information (PMI)---4.0---2014-10-13''CAx-IF Rec.Pracs.---3D Tessellated Geometry---0.4---2014-09-14','STEP AP242 Edition 2''CAx-IF Rec.Pracs.---Representation and Presentation of Product Manufa
cturing Information (PMI)---4.0---2014-10-13''CAx-IF Rec.Pracs.---3D Tessellated Geometry---0.4---2014-09-14''2;1','STEP AP242 Edition 2''CAx-IF Rec.Pracs.---Representation and Presentation of Product Manufa
cturing Information (PMI)---4.0---2014-10-13''CAx-IF Rec.Pracs.---3D Tessellated Geometry---0.4---2014-09-14''2;1''CAx-IF Rec.Pracs.---User Defined Attributes---1.5---2016-08-15'),'2;1');
/*name */
/*time_stamp */
/*author */
/*organization */
/*preprocessor_version */
/*originating_system */
/*authorisation */
FILE_NAME('/vol/tmp/translate-3061618678277077936/SPS26_5V5A - SPS26_5V5A.step','2026-03-24T21:26:32',(''),(''),'ST-DEVELOPER v20','ONSHAPE BY PTC INC, 1.212','  ');
FILE_SCHEMA(('AP242_MANAGED_MODEL_BASED_3D_ENGINEERING_MIM_LF { 1 0 10303 442 3 1 4 }'));
ENDSEC;
DATA;
#10=SHAPE_REPRESENTATION_RELATIONSHIP('','',#2295,#11);
#11=ADVANCED_BREP_SHAPE_REPRESENTATION('',(#2293),#3365);
#12=LINE('',#2935,#192);
#13=LINE('',#2939,#193);
#14=LINE('',#2943,#194);
#15=LINE('',#2947,#195);
#16=LINE('',#2949,#196);
#17=LINE('',#2951,#197);
#18=LINE('',#2953,#198);
#19=LINE('',#2955,#199);
#20=LINE('',#2957,#200);
#21=LINE('',#2959,#201);
#22=LINE('',#2961,#202);
#23=LINE('',#2963,#203);
#24=LINE('',#2967,#204);
#25=LINE('',#2973,#205);
#26=LINE('',#2979,#206);
#27=LINE('',#2983,#207);
#28=LINE('',#2985,#208);
#29=LINE('',#2987,#209);
#30=LINE('',#2989,#210);
#31=LINE('',#2991,#211);
#32=LINE('',#2993,#212);
#33=LINE('',#2995,#213);
#34=LINE('',#2997,#214);
#35=LINE('',#2999,#215);
#36=LINE('',#3038,#216);
#37=LINE('',#3041,#217);
#38=LINE('',#3043,#218);
#39=LINE('',#3045,#219);
#40=LINE('',#3046,#220);
#41=LINE('',#3049,#221);
#42=LINE('',#3051,#222);
#43=LINE('',#3053,#223);
#44=LINE('',#3054,#224);
#45=LINE('',#3057,#225);
#46=LINE('',#3059,#226);
#47=LINE('',#3061,#227);
#48=LINE('',#3062,#228);
#49=LINE('',#3065,#229);
#50=LINE('',#3067,#230);
#51=LINE('',#3069,#231);
#52=LINE('',#3070,#232);
#53=LINE('',#3073,#233);
#54=LINE('',#3075,#234);
#55=LINE('',#3077,#235);
#56=LINE('',#3078,#236);
#57=LINE('',#3081,#237);
#58=LINE('',#3083,#238);
#59=LINE('',#3085,#239);
#60=LINE('',#3086,#240);
#61=LINE('',#3089,#241);
#62=LINE('',#3091,#242);
#63=LINE('',#3093,#243);
#64=LINE('',#3094,#244);
#65=LINE('',#3097,#245);
#66=LINE('',#3099,#246);
#67=LINE('',#3101,#247);
#68=LINE('',#3102,#248);
#69=LINE('',#3105,#249);
#70=LINE('',#3107,#250);
#71=LINE('',#3109,#251);
#72=LINE('',#3110,#252);
#73=LINE('',#3113,#253);
#74=LINE('',#3115,#254);
#75=LINE('',#3117,#255);
#76=LINE('',#3118,#256);
#77=LINE('',#3121,#257);
#78=LINE('',#3123,#258);
#79=LINE('',#3125,#259);
#80=LINE('',#3126,#260);
#81=LINE('',#3129,#261);
#82=LINE('',#3131,#262);
#83=LINE('',#3133,#263);
#84=LINE('',#3134,#264);
#85=LINE('',#3137,#265);
#86=LINE('',#3139,#266);
#87=LINE('',#3141,#267);
#88=LINE('',#3144,#268);
#89=LINE('',#3146,#269);
#90=LINE('',#3148,#270);
#91=LINE('',#3150,#271);
#92=LINE('',#3152,#272);
#93=LINE('',#3154,#273);
#94=LINE('',#3156,#274);
#95=LINE('',#3158,#275);
#96=LINE('',#3161,#276);
#97=LINE('',#3163,#277);
#98=LINE('',#3165,#278);
#99=LINE('',#3167,#279);
#100=LINE('',#3169,#280);
#101=LINE('',#3171,#281);
#102=LINE('',#3173,#282);
#103=LINE('',#3175,#283);
#104=LINE('',#3178,#284);
#105=LINE('',#3180,#285);
#106=LINE('',#3182,#286);
#107=LINE('',#3184,#287);
#108=LINE('',#3186,#288);
#109=LINE('',#3188,#289);
#110=LINE('',#3190,#290);
#111=LINE('',#3192,#291);
#112=LINE('',#3195,#292);
#113=LINE('',#3197,#293);
#114=LINE('',#3199,#294);
#115=LINE('',#3201,#295);
#116=LINE('',#3203,#296);
#117=LINE('',#3205,#297);
#118=LINE('',#3207,#298);
#119=LINE('',#3209,#299);
#120=LINE('',#3212,#300);
#121=LINE('',#3214,#301);
#122=LINE('',#3216,#302);
#123=LINE('',#3218,#303);
#124=LINE('',#3220,#304);
#125=LINE('',#3222,#305);
#126=LINE('',#3224,#306);
#127=LINE('',#3226,#307);
#128=LINE('',#3229,#308);
#129=LINE('',#3231,#309);
#130=LINE('',#3233,#310);
#131=LINE('',#3235,#311);
#132=LINE('',#3237,#312);
#133=LINE('',#3239,#313);
#134=LINE('',#3241,#314);
#135=LINE('',#3243,#315);
#136=LINE('',#3246,#316);
#137=LINE('',#3248,#317);
#138=LINE('',#3250,#318);
#139=LINE('',#3252,#319);
#140=LINE('',#3254,#320);
#141=LINE('',#3256,#321);
#142=LINE('',#3258,#322);
#143=LINE('',#3260,#323);
#144=LINE('',#3263,#324);
#145=LINE('',#3265,#325);
#146=LINE('',#3267,#326);
#147=LINE('',#3269,#327);
#148=LINE('',#3271,#328);
#149=LINE('',#3273,#329);
#150=LINE('',#3275,#330);
#151=LINE('',#3277,#331);
#152=LINE('',#3280,#332);
#153=LINE('',#3282,#333);
#154=LINE('',#3284,#334);
#155=LINE('',#3286,#335);
#156=LINE('',#3288,#336);
#157=LINE('',#3290,#337);
#158=LINE('',#3292,#338);
#159=LINE('',#3294,#339);
#160=LINE('',#3297,#340);
#161=LINE('',#3299,#341);
#162=LINE('',#3301,#342);
#163=LINE('',#3303,#343);
#164=LINE('',#3305,#344);
#165=LINE('',#3307,#345);
#166=LINE('',#3309,#346);
#167=LINE('',#3311,#347);
#168=LINE('',#3314,#348);
#169=LINE('',#3316,#349);
#170=LINE('',#3318,#350);
#171=LINE('',#3320,#351);
#172=LINE('',#3322,#352);
#173=LINE('',#3324,#353);
#174=LINE('',#3326,#354);
#175=LINE('',#3328,#355);
#176=LINE('',#3331,#356);
#177=LINE('',#3333,#357);
#178=LINE('',#3335,#358);
#179=LINE('',#3337,#359);
#180=LINE('',#3339,#360);
#181=LINE('',#3341,#361);
#182=LINE('',#3343,#362);
#183=LINE('',#3345,#363);
#184=LINE('',#3348,#364);
#185=LINE('',#3350,#365);
#186=LINE('',#3352,#366);
#187=LINE('',#3354,#367);
#188=LINE('',#3356,#368);
#189=LINE('',#3358,#369);
#190=LINE('',#3360,#370);
#191=LINE('',#3362,#371);
#192=VECTOR('',#2488,1.);
#193=VECTOR('',#2491,1.);
#194=VECTOR('',#2496,1.);
#195=VECTOR('',#2501,1.);
#196=VECTOR('',#2502,1.);
#197=VECTOR('',#2503,1.);
#198=VECTOR('',#2506,1.);
#199=VECTOR('',#2507,1.);
#200=VECTOR('',#2508,1.);
#201=VECTOR('',#2511,1.);
#202=VECTOR('',#2512,1.);
#203=VECTOR('',#2513,1.);
#204=VECTOR('',#2518,1.);
#205=VECTOR('',#2525,1.);
#206=VECTOR('',#2532,1.);
#207=VECTOR('',#2537,1.);
#208=VECTOR('',#2538,1.);
#209=VECTOR('',#2539,1.);
#210=VECTOR('',#2542,1.);
#211=VECTOR('',#2543,1.);
#212=VECTOR('',#2544,1.);
#213=VECTOR('',#2547,1.);
#214=VECTOR('',#2548,1.);
#215=VECTOR('',#2549,1.);
#216=VECTOR('',#2602,1.);
#217=VECTOR('',#2603,1.);
#218=VECTOR('',#2604,1.);
#219=VECTOR('',#2605,1.);
#220=VECTOR('',#2606,1.);
#221=VECTOR('',#2607,1.);
#222=VECTOR('',#2608,1.);
#223=VECTOR('',#2609,1.);
#224=VECTOR('',#2610,1.);
#225=VECTOR('',#2611,1.);
#226=VECTOR('',#2612,1.);
#227=VECTOR('',#2613,1.);
#228=VECTOR('',#2614,1.);
#229=VECTOR('',#2615,1.);
#230=VECTOR('',#2616,1.);
#231=VECTOR('',#2617,1.);
#232=VECTOR('',#2618,1.);
#233=VECTOR('',#2619,1.);
#234=VECTOR('',#2620,1.);
#235=VECTOR('',#2621,1.);
#236=VECTOR('',#2622,1.);
#237=VECTOR('',#2623,1.);
#238=VECTOR('',#2624,1.);
#239=VECTOR('',#2625,1.);
#240=VECTOR('',#2626,1.);
#241=VECTOR('',#2627,1.);
#242=VECTOR('',#2628,1.);
#243=VECTOR('',#2629,1.);
#244=VECTOR('',#2630,1.);
#245=VECTOR('',#2631,1.);
#246=VECTOR('',#2632,1.);
#247=VECTOR('',#2633,1.);
#248=VECTOR('',#2634,1.);
#249=VECTOR('',#2635,1.);
#250=VECTOR('',#2636,1.);
#251=VECTOR('',#2637,1.);
#252=VECTOR('',#2638,1.);
#253=VECTOR('',#2639,1.);
#254=VECTOR('',#2640,1.);
#255=VECTOR('',#2641,1.);
#256=VECTOR('',#2642,1.);
#257=VECTOR('',#2643,1.);
#258=VECTOR('',#2644,1.);
#259=VECTOR('',#2645,1.);
#260=VECTOR('',#2646,1.);
#261=VECTOR('',#2647,1.);
#262=VECTOR('',#2648,1.);
#263=VECTOR('',#2649,1.);
#264=VECTOR('',#2650,1.);
#265=VECTOR('',#2651,1.);
#266=VECTOR('',#2652,1.);
#267=VECTOR('',#2653,1.);
#268=VECTOR('',#2658,1.);
#269=VECTOR('',#2659,1.);
#270=VECTOR('',#2660,1.);
#271=VECTOR('',#2663,1.);
#272=VECTOR('',#2664,1.);
#273=VECTOR('',#2667,1.);
#274=VECTOR('',#2668,1.);
#275=VECTOR('',#2671,1.);
#276=VECTOR('',#2676,1.);
#277=VECTOR('',#2677,1.);
#278=VECTOR('',#2678,1.);
#279=VECTOR('',#2681,1.);
#280=VECTOR('',#2682,1.);
#281=VECTOR('',#2685,1.);
#282=VECTOR('',#2686,1.);
#283=VECTOR('',#2689,1.);
#284=VECTOR('',#2694,1.);
#285=VECTOR('',#2695,1.);
#286=VECTOR('',#2696,1.);
#287=VECTOR('',#2699,1.);
#288=VECTOR('',#2700,1.);
#289=VECTOR('',#2703,1.);
#290=VECTOR('',#2704,1.);
#291=VECTOR('',#2707,1.);
#292=VECTOR('',#2712,1.);
#293=VECTOR('',#2713,1.);
#294=VECTOR('',#2714,1.);
#295=VECTOR('',#2717,1.);
#296=VECTOR('',#2718,1.);
#297=VECTOR('',#2721,1.);
#298=VECTOR('',#2722,1.);
#299=VECTOR('',#2725,1.);
#300=VECTOR('',#2730,1.);
#301=VECTOR('',#2731,1.);
#302=VECTOR('',#2732,1.);
#303=VECTOR('',#2735,1.);
#304=VECTOR('',#2736,1.);
#305=VECTOR('',#2739,1.);
#306=VECTOR('',#2740,1.);
#307=VECTOR('',#2743,1.);
#308=VECTOR('',#2748,1.);
#309=VECTOR('',#2749,1.);
#310=VECTOR('',#2750,1.);
#311=VECTOR('',#2753,1.);
#312=VECTOR('',#2754,1.);
#313=VECTOR('',#2757,1.);
#314=VECTOR('',#2758,1.);
#315=VECTOR('',#2761,1.);
#316=VECTOR('',#2766,1.);
#317=VECTOR('',#2767,1.);
#318=VECTOR('',#2768,1.);
#319=VECTOR('',#2771,1.);
#320=VECTOR('',#2772,1.);
#321=VECTOR('',#2775,1.);
#322=VECTOR('',#2776,1.);
#323=VECTOR('',#2779,1.);
#324=VECTOR('',#2784,1.);
#325=VECTOR('',#2785,1.);
#326=VECTOR('',#2786,1.);
#327=VECTOR('',#2789,1.);
#328=VECTOR('',#2790,1.);
#329=VECTOR('',#2793,1.);
#330=VECTOR('',#2794,1.);
#331=VECTOR('',#2797,1.);
#332=VECTOR('',#2802,1.);
#333=VECTOR('',#2803,1.);
#334=VECTOR('',#2804,1.);
#335=VECTOR('',#2807,1.);
#336=VECTOR('',#2808,1.);
#337=VECTOR('',#2811,1.);
#338=VECTOR('',#2812,1.);
#339=VECTOR('',#2815,1.);
#340=VECTOR('',#2820,1.);
#341=VECTOR('',#2821,1.);
#342=VECTOR('',#2822,1.);
#343=VECTOR('',#2825,1.);
#344=VECTOR('',#2826,1.);
#345=VECTOR('',#2829,1.);
#346=VECTOR('',#2830,1.);
#347=VECTOR('',#2833,1.);
#348=VECTOR('',#2838,1.);
#349=VECTOR('',#2839,1.);
#350=VECTOR('',#2840,1.);
#351=VECTOR('',#2843,1.);
#352=VECTOR('',#2844,1.);
#353=VECTOR('',#2847,1.);
#354=VECTOR('',#2848,1.);
#355=VECTOR('',#2851,1.);
#356=VECTOR('',#2856,1.);
#357=VECTOR('',#2857,1.);
#358=VECTOR('',#2858,1.);
#359=VECTOR('',#2861,1.);
#360=VECTOR('',#2862,1.);
#361=VECTOR('',#2865,1.);
#362=VECTOR('',#2866,1.);
#363=VECTOR('',#2869,1.);
#364=VECTOR('',#2874,1.);
#365=VECTOR('',#2875,1.);
#366=VECTOR('',#2876,1.);
#367=VECTOR('',#2879,1.);
#368=VECTOR('',#2880,1.);
#369=VECTOR('',#2883,1.);
#370=VECTOR('',#2884,1.);
#371=VECTOR('',#2887,1.);
#372=CYLINDRICAL_SURFACE('',#2321,0.0015);
#373=CYLINDRICAL_SURFACE('',#2324,0.001);
#374=CYLINDRICAL_SURFACE('',#2330,0.001);
#375=CYLINDRICAL_SURFACE('',#2333,0.0015);
#376=CYLINDRICAL_SURFACE('',#2336,0.001);
#377=CYLINDRICAL_SURFACE('',#2342,0.00105);
#378=CYLINDRICAL_SURFACE('',#2345,0.0005);
#379=CYLINDRICAL_SURFACE('',#2347,0.0005);
#380=CYLINDRICAL_SURFACE('',#2349,0.0005);
#381=CYLINDRICAL_SURFACE('',#2351,0.0005);
#382=CYLINDRICAL_SURFACE('',#2353,0.0005);
#383=CYLINDRICAL_SURFACE('',#2355,0.0005);
#384=CYLINDRICAL_SURFACE('',#2357,0.0005);
#385=CYLINDRICAL_SURFACE('',#2359,0.0005);
#386=CYLINDRICAL_SURFACE('',#2361,0.00105);
#387=CYLINDRICAL_SURFACE('',#2364,0.001);
#388=ORIENTED_EDGE('',*,*,#828,.F.);
#389=ORIENTED_EDGE('',*,*,#829,.T.);
#390=ORIENTED_EDGE('',*,*,#830,.F.);
#391=ORIENTED_EDGE('',*,*,#831,.T.);
#392=ORIENTED_EDGE('',*,*,#832,.T.);
#393=ORIENTED_EDGE('',*,*,#833,.T.);
#394=ORIENTED_EDGE('',*,*,#834,.T.);
#395=ORIENTED_EDGE('',*,*,#835,.T.);
#396=ORIENTED_EDGE('',*,*,#836,.F.);
#397=ORIENTED_EDGE('',*,*,#837,.T.);
#398=ORIENTED_EDGE('',*,*,#838,.F.);
#399=ORIENTED_EDGE('',*,*,#839,.T.);
#400=ORIENTED_EDGE('',*,*,#840,.T.);
#401=ORIENTED_EDGE('',*,*,#841,.T.);
#402=ORIENTED_EDGE('',*,*,#842,.T.);
#403=ORIENTED_EDGE('',*,*,#843,.T.);
#404=ORIENTED_EDGE('',*,*,#844,.F.);
#405=ORIENTED_EDGE('',*,*,#845,.F.);
#406=ORIENTED_EDGE('',*,*,#846,.T.);
#407=ORIENTED_EDGE('',*,*,#847,.T.);
#408=ORIENTED_EDGE('',*,*,#848,.T.);
#409=ORIENTED_EDGE('',*,*,#849,.F.);
#410=ORIENTED_EDGE('',*,*,#850,.F.);
#411=ORIENTED_EDGE('',*,*,#845,.T.);
#412=ORIENTED_EDGE('',*,*,#851,.F.);
#413=ORIENTED_EDGE('',*,*,#852,.F.);
#414=ORIENTED_EDGE('',*,*,#853,.T.);
#415=ORIENTED_EDGE('',*,*,#849,.T.);
#416=ORIENTED_EDGE('',*,*,#854,.T.);
#417=ORIENTED_EDGE('',*,*,#855,.F.);
#418=ORIENTED_EDGE('',*,*,#856,.F.);
#419=ORIENTED_EDGE('',*,*,#852,.T.);
#420=ORIENTED_EDGE('',*,*,#857,.T.);
#421=ORIENTED_EDGE('',*,*,#858,.F.);
#422=ORIENTED_EDGE('',*,*,#859,.F.);
#423=ORIENTED_EDGE('',*,*,#855,.T.);
#424=ORIENTED_EDGE('',*,*,#860,.F.);
#425=ORIENTED_EDGE('',*,*,#861,.F.);
#426=ORIENTED_EDGE('',*,*,#862,.T.);
#427=ORIENTED_EDGE('',*,*,#858,.T.);
#428=ORIENTED_EDGE('',*,*,#863,.T.);
#429=ORIENTED_EDGE('',*,*,#864,.F.);
#430=ORIENTED_EDGE('',*,*,#865,.F.);
#431=ORIENTED_EDGE('',*,*,#861,.T.);
#432=ORIENTED_EDGE('',*,*,#866,.T.);
#433=ORIENTED_EDGE('',*,*,#867,.F.);
#434=ORIENTED_EDGE('',*,*,#868,.F.);
#435=ORIENTED_EDGE('',*,*,#864,.T.);
#436=ORIENTED_EDGE('',*,*,#869,.T.);
#437=ORIENTED_EDGE('',*,*,#870,.F.);
#438=ORIENTED_EDGE('',*,*,#871,.F.);
#439=ORIENTED_EDGE('',*,*,#867,.T.);
#440=ORIENTED_EDGE('',*,*,#872,.F.);
#441=ORIENTED_EDGE('',*,*,#873,.F.);
#442=ORIENTED_EDGE('',*,*,#874,.T.);
#443=ORIENTED_EDGE('',*,*,#870,.T.);
#444=ORIENTED_EDGE('',*,*,#875,.F.);
#445=ORIENTED_EDGE('',*,*,#876,.F.);
#446=ORIENTED_EDGE('',*,*,#877,.T.);
#447=ORIENTED_EDGE('',*,*,#873,.T.);
#448=ORIENTED_EDGE('',*,*,#878,.T.);
#449=ORIENTED_EDGE('',*,*,#879,.F.);
#450=ORIENTED_EDGE('',*,*,#834,.F.);
#451=ORIENTED_EDGE('',*,*,#880,.T.);
#452=ORIENTED_EDGE('',*,*,#842,.F.);
#453=ORIENTED_EDGE('',*,*,#881,.T.);
#454=ORIENTED_EDGE('',*,*,#830,.T.);
#455=ORIENTED_EDGE('',*,*,#882,.F.);
#456=ORIENTED_EDGE('',*,*,#828,.T.);
#457=ORIENTED_EDGE('',*,*,#883,.F.);
#458=ORIENTED_EDGE('',*,*,#840,.F.);
#459=ORIENTED_EDGE('',*,*,#884,.T.);
#460=ORIENTED_EDGE('',*,*,#832,.F.);
#461=ORIENTED_EDGE('',*,*,#885,.T.);
#462=ORIENTED_EDGE('',*,*,#838,.T.);
#463=ORIENTED_EDGE('',*,*,#886,.F.);
#464=ORIENTED_EDGE('',*,*,#836,.T.);
#465=ORIENTED_EDGE('',*,*,#887,.F.);
#466=ORIENTED_EDGE('',*,*,#888,.F.);
#467=ORIENTED_EDGE('',*,*,#889,.T.);
#468=ORIENTED_EDGE('',*,*,#890,.F.);
#469=ORIENTED_EDGE('',*,*,#847,.F.);
#470=ORIENTED_EDGE('',*,*,#891,.T.);
#471=ORIENTED_EDGE('',*,*,#876,.T.);
#472=ORIENTED_EDGE('',*,*,#892,.T.);
#473=ORIENTED_EDGE('',*,*,#893,.T.);
#474=ORIENTED_EDGE('',*,*,#894,.F.);
#475=ORIENTED_EDGE('',*,*,#895,.F.);
#476=ORIENTED_EDGE('',*,*,#896,.T.);
#477=ORIENTED_EDGE('',*,*,#897,.T.);
#478=ORIENTED_EDGE('',*,*,#898,.F.);
#479=ORIENTED_EDGE('',*,*,#899,.F.);
#480=ORIENTED_EDGE('',*,*,#900,.T.);
#481=ORIENTED_EDGE('',*,*,#901,.T.);
#482=ORIENTED_EDGE('',*,*,#902,.F.);
#483=ORIENTED_EDGE('',*,*,#903,.F.);
#484=ORIENTED_EDGE('',*,*,#904,.T.);
#485=ORIENTED_EDGE('',*,*,#905,.T.);
#486=ORIENTED_EDGE('',*,*,#906,.F.);
#487=ORIENTED_EDGE('',*,*,#907,.F.);
#488=ORIENTED_EDGE('',*,*,#908,.T.);
#489=ORIENTED_EDGE('',*,*,#909,.T.);
#490=ORIENTED_EDGE('',*,*,#910,.F.);
#491=ORIENTED_EDGE('',*,*,#911,.F.);
#492=ORIENTED_EDGE('',*,*,#912,.T.);
#493=ORIENTED_EDGE('',*,*,#913,.T.);
#494=ORIENTED_EDGE('',*,*,#914,.F.);
#495=ORIENTED_EDGE('',*,*,#915,.F.);
#496=ORIENTED_EDGE('',*,*,#916,.T.);
#497=ORIENTED_EDGE('',*,*,#917,.T.);
#498=ORIENTED_EDGE('',*,*,#918,.F.);
#499=ORIENTED_EDGE('',*,*,#919,.F.);
#500=ORIENTED_EDGE('',*,*,#920,.T.);
#501=ORIENTED_EDGE('',*,*,#921,.T.);
#502=ORIENTED_EDGE('',*,*,#922,.F.);
#503=ORIENTED_EDGE('',*,*,#923,.F.);
#504=ORIENTED_EDGE('',*,*,#924,.T.);
#505=ORIENTED_EDGE('',*,*,#925,.T.);
#506=ORIENTED_EDGE('',*,*,#926,.F.);
#507=ORIENTED_EDGE('',*,*,#927,.F.);
#508=ORIENTED_EDGE('',*,*,#928,.T.);
#509=ORIENTED_EDGE('',*,*,#929,.T.);
#510=ORIENTED_EDGE('',*,*,#930,.F.);
#511=ORIENTED_EDGE('',*,*,#931,.F.);
#512=ORIENTED_EDGE('',*,*,#932,.T.);
#513=ORIENTED_EDGE('',*,*,#933,.T.);
#514=ORIENTED_EDGE('',*,*,#934,.F.);
#515=ORIENTED_EDGE('',*,*,#935,.F.);
#516=ORIENTED_EDGE('',*,*,#936,.T.);
#517=ORIENTED_EDGE('',*,*,#937,.T.);
#518=ORIENTED_EDGE('',*,*,#938,.F.);
#519=ORIENTED_EDGE('',*,*,#939,.F.);
#520=ORIENTED_EDGE('',*,*,#940,.T.);
#521=ORIENTED_EDGE('',*,*,#941,.T.);
#522=ORIENTED_EDGE('',*,*,#942,.F.);
#523=ORIENTED_EDGE('',*,*,#943,.F.);
#524=ORIENTED_EDGE('',*,*,#829,.F.);
#525=ORIENTED_EDGE('',*,*,#831,.F.);
#526=ORIENTED_EDGE('',*,*,#833,.F.);
#527=ORIENTED_EDGE('',*,*,#835,.F.);
#528=ORIENTED_EDGE('',*,*,#837,.F.);
#529=ORIENTED_EDGE('',*,*,#839,.F.);
#530=ORIENTED_EDGE('',*,*,#841,.F.);
#531=ORIENTED_EDGE('',*,*,#843,.F.);
#532=ORIENTED_EDGE('',*,*,#888,.T.);
#533=ORIENTED_EDGE('',*,*,#878,.F.);
#534=ORIENTED_EDGE('',*,*,#846,.F.);
#535=ORIENTED_EDGE('',*,*,#850,.T.);
#536=ORIENTED_EDGE('',*,*,#853,.F.);
#537=ORIENTED_EDGE('',*,*,#856,.T.);
#538=ORIENTED_EDGE('',*,*,#859,.T.);
#539=ORIENTED_EDGE('',*,*,#862,.F.);
#540=ORIENTED_EDGE('',*,*,#865,.T.);
#541=ORIENTED_EDGE('',*,*,#868,.T.);
#542=ORIENTED_EDGE('',*,*,#871,.T.);
#543=ORIENTED_EDGE('',*,*,#874,.F.);
#544=ORIENTED_EDGE('',*,*,#877,.F.);
#545=ORIENTED_EDGE('',*,*,#891,.F.);
#546=ORIENTED_EDGE('',*,*,#889,.F.);
#547=ORIENTED_EDGE('',*,*,#887,.T.);
#548=ORIENTED_EDGE('',*,*,#886,.T.);
#549=ORIENTED_EDGE('',*,*,#885,.F.);
#550=ORIENTED_EDGE('',*,*,#884,.F.);
#551=ORIENTED_EDGE('',*,*,#883,.T.);
#552=ORIENTED_EDGE('',*,*,#882,.T.);
#553=ORIENTED_EDGE('',*,*,#881,.F.);
#554=ORIENTED_EDGE('',*,*,#880,.F.);
#555=ORIENTED_EDGE('',*,*,#879,.T.);
#556=ORIENTED_EDGE('',*,*,#844,.T.);
#557=ORIENTED_EDGE('',*,*,#890,.T.);
#558=ORIENTED_EDGE('',*,*,#875,.T.);
#559=ORIENTED_EDGE('',*,*,#872,.T.);
#560=ORIENTED_EDGE('',*,*,#869,.F.);
#561=ORIENTED_EDGE('',*,*,#866,.F.);
#562=ORIENTED_EDGE('',*,*,#863,.F.);
#563=ORIENTED_EDGE('',*,*,#860,.T.);
#564=ORIENTED_EDGE('',*,*,#857,.F.);
#565=ORIENTED_EDGE('',*,*,#854,.F.);
#566=ORIENTED_EDGE('',*,*,#851,.T.);
#567=ORIENTED_EDGE('',*,*,#848,.F.);
#568=ORIENTED_EDGE('',*,*,#940,.F.);
#569=ORIENTED_EDGE('',*,*,#944,.F.);
#570=ORIENTED_EDGE('',*,*,#945,.T.);
#571=ORIENTED_EDGE('',*,*,#946,.T.);
#572=ORIENTED_EDGE('',*,*,#943,.T.);
#573=ORIENTED_EDGE('',*,*,#947,.F.);
#574=ORIENTED_EDGE('',*,*,#948,.F.);
#575=ORIENTED_EDGE('',*,*,#944,.T.);
#576=ORIENTED_EDGE('',*,*,#942,.T.);
#577=ORIENTED_EDGE('',*,*,#949,.F.);
#578=ORIENTED_EDGE('',*,*,#950,.F.);
#579=ORIENTED_EDGE('',*,*,#947,.T.);
#580=ORIENTED_EDGE('',*,*,#941,.F.);
#581=ORIENTED_EDGE('',*,*,#946,.F.);
#582=ORIENTED_EDGE('',*,*,#951,.T.);
#583=ORIENTED_EDGE('',*,*,#949,.T.);
#584=ORIENTED_EDGE('',*,*,#945,.F.);
#585=ORIENTED_EDGE('',*,*,#948,.T.);
#586=ORIENTED_EDGE('',*,*,#950,.T.);
#587=ORIENTED_EDGE('',*,*,#951,.F.);
#588=ORIENTED_EDGE('',*,*,#936,.F.);
#589=ORIENTED_EDGE('',*,*,#952,.F.);
#590=ORIENTED_EDGE('',*,*,#953,.T.);
#591=ORIENTED_EDGE('',*,*,#954,.T.);
#592=ORIENTED_EDGE('',*,*,#939,.T.);
#593=ORIENTED_EDGE('',*,*,#955,.F.);
#594=ORIENTED_EDGE('',*,*,#956,.F.);
#595=ORIENTED_EDGE('',*,*,#952,.T.);
#596=ORIENTED_EDGE('',*,*,#938,.T.);
#597=ORIENTED_EDGE('',*,*,#957,.F.);
#598=ORIENTED_EDGE('',*,*,#958,.F.);
#599=ORIENTED_EDGE('',*,*,#955,.T.);
#600=ORIENTED_EDGE('',*,*,#937,.F.);
#601=ORIENTED_EDGE('',*,*,#954,.F.);
#602=ORIENTED_EDGE('',*,*,#959,.T.);
#603=ORIENTED_EDGE('',*,*,#957,.T.);
#604=ORIENTED_EDGE('',*,*,#953,.F.);
#605=ORIENTED_EDGE('',*,*,#956,.T.);
#606=ORIENTED_EDGE('',*,*,#958,.T.);
#607=ORIENTED_EDGE('',*,*,#959,.F.);
#608=ORIENTED_EDGE('',*,*,#932,.F.);
#609=ORIENTED_EDGE('',*,*,#960,.F.);
#610=ORIENTED_EDGE('',*,*,#961,.T.);
#611=ORIENTED_EDGE('',*,*,#962,.T.);
#612=ORIENTED_EDGE('',*,*,#935,.T.);
#613=ORIENTED_EDGE('',*,*,#963,.F.);
#614=ORIENTED_EDGE('',*,*,#964,.F.);
#615=ORIENTED_EDGE('',*,*,#960,.T.);
#616=ORIENTED_EDGE('',*,*,#934,.T.);
#617=ORIENTED_EDGE('',*,*,#965,.F.);
#618=ORIENTED_EDGE('',*,*,#966,.F.);
#619=ORIENTED_EDGE('',*,*,#963,.T.);
#620=ORIENTED_EDGE('',*,*,#933,.F.);
#621=ORIENTED_EDGE('',*,*,#962,.F.);
#622=ORIENTED_EDGE('',*,*,#967,.T.);
#623=ORIENTED_EDGE('',*,*,#965,.T.);
#624=ORIENTED_EDGE('',*,*,#961,.F.);
#625=ORIENTED_EDGE('',*,*,#964,.T.);
#626=ORIENTED_EDGE('',*,*,#966,.T.);
#627=ORIENTED_EDGE('',*,*,#967,.F.);
#628=ORIENTED_EDGE('',*,*,#928,.F.);
#629=ORIENTED_EDGE('',*,*,#968,.F.);
#630=ORIENTED_EDGE('',*,*,#969,.T.);
#631=ORIENTED_EDGE('',*,*,#970,.T.);
#632=ORIENTED_EDGE('',*,*,#931,.T.);
#633=ORIENTED_EDGE('',*,*,#971,.F.);
#634=ORIENTED_EDGE('',*,*,#972,.F.);
#635=ORIENTED_EDGE('',*,*,#968,.T.);
#636=ORIENTED_EDGE('',*,*,#930,.T.);
#637=ORIENTED_EDGE('',*,*,#973,.F.);
#638=ORIENTED_EDGE('',*,*,#974,.F.);
#639=ORIENTED_EDGE('',*,*,#971,.T.);
#640=ORIENTED_EDGE('',*,*,#929,.F.);
#641=ORIENTED_EDGE('',*,*,#970,.F.);
#642=ORIENTED_EDGE('',*,*,#975,.T.);
#643=ORIENTED_EDGE('',*,*,#973,.T.);
#644=ORIENTED_EDGE('',*,*,#969,.F.);
#645=ORIENTED_EDGE('',*,*,#972,.T.);
#646=ORIENTED_EDGE('',*,*,#974,.T.);
#647=ORIENTED_EDGE('',*,*,#975,.F.);
#648=ORIENTED_EDGE('',*,*,#924,.F.);
#649=ORIENTED_EDGE('',*,*,#976,.F.);
#650=ORIENTED_EDGE('',*,*,#977,.T.);
#651=ORIENTED_EDGE('',*,*,#978,.T.);
#652=ORIENTED_EDGE('',*,*,#927,.T.);
#653=ORIENTED_EDGE('',*,*,#979,.F.);
#654=ORIENTED_EDGE('',*,*,#980,.F.);
#655=ORIENTED_EDGE('',*,*,#976,.T.);
#656=ORIENTED_EDGE('',*,*,#926,.T.);
#657=ORIENTED_EDGE('',*,*,#981,.F.);
#658=ORIENTED_EDGE('',*,*,#982,.F.);
#659=ORIENTED_EDGE('',*,*,#979,.T.);
#660=ORIENTED_EDGE('',*,*,#925,.F.);
#661=ORIENTED_EDGE('',*,*,#978,.F.);
#662=ORIENTED_EDGE('',*,*,#983,.T.);
#663=ORIENTED_EDGE('',*,*,#981,.T.);
#664=ORIENTED_EDGE('',*,*,#977,.F.);
#665=ORIENTED_EDGE('',*,*,#980,.T.);
#666=ORIENTED_EDGE('',*,*,#982,.T.);
#667=ORIENTED_EDGE('',*,*,#983,.F.);
#668=ORIENTED_EDGE('',*,*,#920,.F.);
#669=ORIENTED_EDGE('',*,*,#984,.F.);
#670=ORIENTED_EDGE('',*,*,#985,.T.);
#671=ORIENTED_EDGE('',*,*,#986,.T.);
#672=ORIENTED_EDGE('',*,*,#923,.T.);
#673=ORIENTED_EDGE('',*,*,#987,.F.);
#674=ORIENTED_EDGE('',*,*,#988,.F.);
#675=ORIENTED_EDGE('',*,*,#984,.T.);
#676=ORIENTED_EDGE('',*,*,#922,.T.);
#677=ORIENTED_EDGE('',*,*,#989,.F.);
#678=ORIENTED_EDGE('',*,*,#990,.F.);
#679=ORIENTED_EDGE('',*,*,#987,.T.);
#680=ORIENTED_EDGE('',*,*,#921,.F.);
#681=ORIENTED_EDGE('',*,*,#986,.F.);
#682=ORIENTED_EDGE('',*,*,#991,.T.);
#683=ORIENTED_EDGE('',*,*,#989,.T.);
#684=ORIENTED_EDGE('',*,*,#985,.F.);
#685=ORIENTED_EDGE('',*,*,#988,.T.);
#686=ORIENTED_EDGE('',*,*,#990,.T.);
#687=ORIENTED_EDGE('',*,*,#991,.F.);
#688=ORIENTED_EDGE('',*,*,#916,.F.);
#689=ORIENTED_EDGE('',*,*,#992,.F.);
#690=ORIENTED_EDGE('',*,*,#993,.T.);
#691=ORIENTED_EDGE('',*,*,#994,.T.);
#692=ORIENTED_EDGE('',*,*,#919,.T.);
#693=ORIENTED_EDGE('',*,*,#995,.F.);
#694=ORIENTED_EDGE('',*,*,#996,.F.);
#695=ORIENTED_EDGE('',*,*,#992,.T.);
#696=ORIENTED_EDGE('',*,*,#918,.T.);
#697=ORIENTED_EDGE('',*,*,#997,.F.);
#698=ORIENTED_EDGE('',*,*,#998,.F.);
#699=ORIENTED_EDGE('',*,*,#995,.T.);
#700=ORIENTED_EDGE('',*,*,#917,.F.);
#701=ORIENTED_EDGE('',*,*,#994,.F.);
#702=ORIENTED_EDGE('',*,*,#999,.T.);
#703=ORIENTED_EDGE('',*,*,#997,.T.);
#704=ORIENTED_EDGE('',*,*,#993,.F.);
#705=ORIENTED_EDGE('',*,*,#996,.T.);
#706=ORIENTED_EDGE('',*,*,#998,.T.);
#707=ORIENTED_EDGE('',*,*,#999,.F.);
#708=ORIENTED_EDGE('',*,*,#912,.F.);
#709=ORIENTED_EDGE('',*,*,#1000,.F.);
#710=ORIENTED_EDGE('',*,*,#1001,.T.);
#711=ORIENTED_EDGE('',*,*,#1002,.T.);
#712=ORIENTED_EDGE('',*,*,#915,.T.);
#713=ORIENTED_EDGE('',*,*,#1003,.F.);
#714=ORIENTED_EDGE('',*,*,#1004,.F.);
#715=ORIENTED_EDGE('',*,*,#1000,.T.);
#716=ORIENTED_EDGE('',*,*,#914,.T.);
#717=ORIENTED_EDGE('',*,*,#1005,.F.);
#718=ORIENTED_EDGE('',*,*,#1006,.F.);
#719=ORIENTED_EDGE('',*,*,#1003,.T.);
#720=ORIENTED_EDGE('',*,*,#913,.F.);
#721=ORIENTED_EDGE('',*,*,#1002,.F.);
#722=ORIENTED_EDGE('',*,*,#1007,.T.);
#723=ORIENTED_EDGE('',*,*,#1005,.T.);
#724=ORIENTED_EDGE('',*,*,#1001,.F.);
#725=ORIENTED_EDGE('',*,*,#1004,.T.);
#726=ORIENTED_EDGE('',*,*,#1006,.T.);
#727=ORIENTED_EDGE('',*,*,#1007,.F.);
#728=ORIENTED_EDGE('',*,*,#908,.F.);
#729=ORIENTED_EDGE('',*,*,#1008,.F.);
#730=ORIENTED_EDGE('',*,*,#1009,.T.);
#731=ORIENTED_EDGE('',*,*,#1010,.T.);
#732=ORIENTED_EDGE('',*,*,#911,.T.);
#733=ORIENTED_EDGE('',*,*,#1011,.F.);
#734=ORIENTED_EDGE('',*,*,#1012,.F.);
#735=ORIENTED_EDGE('',*,*,#1008,.T.);
#736=ORIENTED_EDGE('',*,*,#910,.T.);
#737=ORIENTED_EDGE('',*,*,#1013,.F.);
#738=ORIENTED_EDGE('',*,*,#1014,.F.);
#739=ORIENTED_EDGE('',*,*,#1011,.T.);
#740=ORIENTED_EDGE('',*,*,#909,.F.);
#741=ORIENTED_EDGE('',*,*,#1010,.F.);
#742=ORIENTED_EDGE('',*,*,#1015,.T.);
#743=ORIENTED_EDGE('',*,*,#1013,.T.);
#744=ORIENTED_EDGE('',*,*,#1009,.F.);
#745=ORIENTED_EDGE('',*,*,#1012,.T.);
#746=ORIENTED_EDGE('',*,*,#1014,.T.);
#747=ORIENTED_EDGE('',*,*,#1015,.F.);
#748=ORIENTED_EDGE('',*,*,#904,.F.);
#749=ORIENTED_EDGE('',*,*,#1016,.F.);
#750=ORIENTED_EDGE('',*,*,#1017,.T.);
#751=ORIENTED_EDGE('',*,*,#1018,.T.);
#752=ORIENTED_EDGE('',*,*,#907,.T.);
#753=ORIENTED_EDGE('',*,*,#1019,.F.);
#754=ORIENTED_EDGE('',*,*,#1020,.F.);
#755=ORIENTED_EDGE('',*,*,#1016,.T.);
#756=ORIENTED_EDGE('',*,*,#906,.T.);
#757=ORIENTED_EDGE('',*,*,#1021,.F.);
#758=ORIENTED_EDGE('',*,*,#1022,.F.);
#759=ORIENTED_EDGE('',*,*,#1019,.T.);
#760=ORIENTED_EDGE('',*,*,#905,.F.);
#761=ORIENTED_EDGE('',*,*,#1018,.F.);
#762=ORIENTED_EDGE('',*,*,#1023,.T.);
#763=ORIENTED_EDGE('',*,*,#1021,.T.);
#764=ORIENTED_EDGE('',*,*,#1017,.F.);
#765=ORIENTED_EDGE('',*,*,#1020,.T.);
#766=ORIENTED_EDGE('',*,*,#1022,.T.);
#767=ORIENTED_EDGE('',*,*,#1023,.F.);
#768=ORIENTED_EDGE('',*,*,#900,.F.);
#769=ORIENTED_EDGE('',*,*,#1024,.F.);
#770=ORIENTED_EDGE('',*,*,#1025,.T.);
#771=ORIENTED_EDGE('',*,*,#1026,.T.);
#772=ORIENTED_EDGE('',*,*,#903,.T.);
#773=ORIENTED_EDGE('',*,*,#1027,.F.);
#774=ORIENTED_EDGE('',*,*,#1028,.F.);
#775=ORIENTED_EDGE('',*,*,#1024,.T.);
#776=ORIENTED_EDGE('',*,*,#902,.T.);
#777=ORIENTED_EDGE('',*,*,#1029,.F.);
#778=ORIENTED_EDGE('',*,*,#1030,.F.);
#779=ORIENTED_EDGE('',*,*,#1027,.T.);
#780=ORIENTED_EDGE('',*,*,#901,.F.);
#781=ORIENTED_EDGE('',*,*,#1026,.F.);
#782=ORIENTED_EDGE('',*,*,#1031,.T.);
#783=ORIENTED_EDGE('',*,*,#1029,.T.);
#784=ORIENTED_EDGE('',*,*,#1025,.F.);
#785=ORIENTED_EDGE('',*,*,#1028,.T.);
#786=ORIENTED_EDGE('',*,*,#1030,.T.);
#787=ORIENTED_EDGE('',*,*,#1031,.F.);
#788=ORIENTED_EDGE('',*,*,#896,.F.);
#789=ORIENTED_EDGE('',*,*,#1032,.F.);
#790=ORIENTED_EDGE('',*,*,#1033,.T.);
#791=ORIENTED_EDGE('',*,*,#1034,.T.);
#792=ORIENTED_EDGE('',*,*,#899,.T.);
#793=ORIENTED_EDGE('',*,*,#1035,.F.);
#794=ORIENTED_EDGE('',*,*,#1036,.F.);
#795=ORIENTED_EDGE('',*,*,#1032,.T.);
#796=ORIENTED_EDGE('',*,*,#898,.T.);
#797=ORIENTED_EDGE('',*,*,#1037,.F.);
#798=ORIENTED_EDGE('',*,*,#1038,.F.);
#799=ORIENTED_EDGE('',*,*,#1035,.T.);
#800=ORIENTED_EDGE('',*,*,#897,.F.);
#801=ORIENTED_EDGE('',*,*,#1034,.F.);
#802=ORIENTED_EDGE('',*,*,#1039,.T.);
#803=ORIENTED_EDGE('',*,*,#1037,.T.);
#804=ORIENTED_EDGE('',*,*,#1033,.F.);
#805=ORIENTED_EDGE('',*,*,#1036,.T.);
#806=ORIENTED_EDGE('',*,*,#1038,.T.);
#807=ORIENTED_EDGE('',*,*,#1039,.F.);
#808=ORIENTED_EDGE('',*,*,#892,.F.);
#809=ORIENTED_EDGE('',*,*,#1040,.F.);
#810=ORIENTED_EDGE('',*,*,#1041,.T.);
#811=ORIENTED_EDGE('',*,*,#1042,.T.);
#812=ORIENTED_EDGE('',*,*,#895,.T.);
#813=ORIENTED_EDGE('',*,*,#1043,.F.);
#814=ORIENTED_EDGE('',*,*,#1044,.F.);
#815=ORIENTED_EDGE('',*,*,#1040,.T.);
#816=ORIENTED_EDGE('',*,*,#894,.T.);
#817=ORIENTED_EDGE('',*,*,#1045,.F.);
#818=ORIENTED_EDGE('',*,*,#1046,.F.);
#819=ORIENTED_EDGE('',*,*,#1043,.T.);
#820=ORIENTED_EDGE('',*,*,#893,.F.);
#821=ORIENTED_EDGE('',*,*,#1042,.F.);
#822=ORIENTED_EDGE('',*,*,#1047,.T.);
#823=ORIENTED_EDGE('',*,*,#1045,.T.);
#824=ORIENTED_EDGE('',*,*,#1041,.F.);
#825=ORIENTED_EDGE('',*,*,#1044,.T.);
#826=ORIENTED_EDGE('',*,*,#1046,.T.);
#827=ORIENTED_EDGE('',*,*,#1047,.F.);
#828=EDGE_CURVE('',#1048,#1048,#1204,.T.);
#829=EDGE_CURVE('',#1049,#1049,#1205,.T.);
#830=EDGE_CURVE('',#1050,#1050,#1206,.T.);
#831=EDGE_CURVE('',#1051,#1051,#1207,.T.);
#832=EDGE_CURVE('',#1052,#1052,#1208,.T.);
#833=EDGE_CURVE('',#1053,#1053,#1209,.T.);
#834=EDGE_CURVE('',#1054,#1054,#1210,.T.);
#835=EDGE_CURVE('',#1055,#1055,#1211,.T.);
#836=EDGE_CURVE('',#1056,#1056,#1212,.T.);
#837=EDGE_CURVE('',#1057,#1057,#1213,.T.);
#838=EDGE_CURVE('',#1058,#1058,#1214,.T.);
#839=EDGE_CURVE('',#1059,#1059,#1215,.T.);
#840=EDGE_CURVE('',#1060,#1060,#1216,.T.);
#841=EDGE_CURVE('',#1061,#1061,#1217,.T.);
#842=EDGE_CURVE('',#1062,#1062,#1218,.T.);
#843=EDGE_CURVE('',#1063,#1063,#1219,.T.);
#844=EDGE_CURVE('',#1064,#1065,#1220,.T.);
#845=EDGE_CURVE('',#1066,#1064,#12,.T.);
#846=EDGE_CURVE('',#1066,#1067,#1221,.T.);
#847=EDGE_CURVE('',#1067,#1065,#13,.T.);
#848=EDGE_CURVE('',#1064,#1068,#1222,.T.);
#849=EDGE_CURVE('',#1069,#1068,#14,.T.);
#850=EDGE_CURVE('',#1066,#1069,#1223,.T.);
#851=EDGE_CURVE('',#1070,#1068,#15,.T.);
#852=EDGE_CURVE('',#1071,#1070,#16,.T.);
#853=EDGE_CURVE('',#1071,#1069,#17,.T.);
#854=EDGE_CURVE('',#1070,#1072,#18,.T.);
#855=EDGE_CURVE('',#1073,#1072,#19,.T.);
#856=EDGE_CURVE('',#1071,#1073,#20,.T.);
#857=EDGE_CURVE('',#1072,#1074,#21,.T.);
#858=EDGE_CURVE('',#1075,#1074,#22,.T.);
#859=EDGE_CURVE('',#1073,#1075,#23,.T.);
#860=EDGE_CURVE('',#1076,#1074,#1224,.T.);
#861=EDGE_CURVE('',#1077,#1076,#24,.T.);
#862=EDGE_CURVE('',#1077,#1075,#1225,.T.);
#863=EDGE_CURVE('',#1076,#1078,#1226,.T.);
#864=EDGE_CURVE('',#1079,#1078,#25,.T.);
#865=EDGE_CURVE('',#1077,#1079,#1227,.T.);
#866=EDGE_CURVE('',#1078,#1080,#1228,.T.);
#867=EDGE_CURVE('',#1081,#1080,#26,.T.);
#868=EDGE_CURVE('',#1079,#1081,#1229,.T.);
#869=EDGE_CURVE('',#1080,#1082,#27,.T.);
#870=EDGE_CURVE('',#1083,#1082,#28,.T.);
#871=EDGE_CURVE('',#1081,#1083,#29,.T.);
#872=EDGE_CURVE('',#1084,#1082,#30,.T.);
#873=EDGE_CURVE('',#1085,#1084,#31,.T.);
#874=EDGE_CURVE('',#1085,#1083,#32,.T.);
#875=EDGE_CURVE('',#1086,#1084,#33,.T.);
#876=EDGE_CURVE('',#1087,#1086,#34,.T.);
#877=EDGE_CURVE('',#1087,#1085,#35,.T.);
#878=EDGE_CURVE('',#1088,#1088,#1230,.T.);
#879=EDGE_CURVE('',#1089,#1089,#1231,.T.);
#880=EDGE_CURVE('',#1090,#1090,#1232,.T.);
#881=EDGE_CURVE('',#1091,#1091,#1233,.T.);
#882=EDGE_CURVE('',#1092,#1092,#1234,.T.);
#883=EDGE_CURVE('',#1093,#1093,#1235,.T.);
#884=EDGE_CURVE('',#1094,#1094,#1236,.T.);
#885=EDGE_CURVE('',#1095,#1095,#1237,.T.);
#886=EDGE_CURVE('',#1096,#1096,#1238,.T.);
#887=EDGE_CURVE('',#1097,#1097,#1239,.T.);
#888=EDGE_CURVE('',#1098,#1098,#1240,.T.);
#889=EDGE_CURVE('',#1099,#1099,#1241,.T.);
#890=EDGE_CURVE('',#1065,#1086,#1242,.T.);
#891=EDGE_CURVE('',#1067,#1087,#1243,.T.);
#892=EDGE_CURVE('',#1100,#1101,#36,.T.);
#893=EDGE_CURVE('',#1101,#1102,#37,.T.);
#894=EDGE_CURVE('',#1103,#1102,#38,.T.);
#895=EDGE_CURVE('',#1100,#1103,#39,.T.);
#896=EDGE_CURVE('',#1104,#1105,#40,.T.);
#897=EDGE_CURVE('',#1105,#1106,#41,.T.);
#898=EDGE_CURVE('',#1107,#1106,#42,.T.);
#899=EDGE_CURVE('',#1104,#1107,#43,.T.);
#900=EDGE_CURVE('',#1108,#1109,#44,.T.);
#901=EDGE_CURVE('',#1109,#1110,#45,.T.);
#902=EDGE_CURVE('',#1111,#1110,#46,.T.);
#903=EDGE_CURVE('',#1108,#1111,#47,.T.);
#904=EDGE_CURVE('',#1112,#1113,#48,.T.);
#905=EDGE_CURVE('',#1113,#1114,#49,.T.);
#906=EDGE_CURVE('',#1115,#1114,#50,.T.);
#907=EDGE_CURVE('',#1112,#1115,#51,.T.);
#908=EDGE_CURVE('',#1116,#1117,#52,.T.);
#909=EDGE_CURVE('',#1117,#1118,#53,.T.);
#910=EDGE_CURVE('',#1119,#1118,#54,.T.);
#911=EDGE_CURVE('',#1116,#1119,#55,.T.);
#912=EDGE_CURVE('',#1120,#1121,#56,.T.);
#913=EDGE_CURVE('',#1121,#1122,#57,.T.);
#914=EDGE_CURVE('',#1123,#1122,#58,.T.);
#915=EDGE_CURVE('',#1120,#1123,#59,.T.);
#916=EDGE_CURVE('',#1124,#1125,#60,.T.);
#917=EDGE_CURVE('',#1125,#1126,#61,.T.);
#918=EDGE_CURVE('',#1127,#1126,#62,.T.);
#919=EDGE_CURVE('',#1124,#1127,#63,.T.);
#920=EDGE_CURVE('',#1128,#1129,#64,.T.);
#921=EDGE_CURVE('',#1129,#1130,#65,.T.);
#922=EDGE_CURVE('',#1131,#1130,#66,.T.);
#923=EDGE_CURVE('',#1128,#1131,#67,.T.);
#924=EDGE_CURVE('',#1132,#1133,#68,.T.);
#925=EDGE_CURVE('',#1133,#1134,#69,.T.);
#926=EDGE_CURVE('',#1135,#1134,#70,.T.);
#927=EDGE_CURVE('',#1132,#1135,#71,.T.);
#928=EDGE_CURVE('',#1136,#1137,#72,.T.);
#929=EDGE_CURVE('',#1137,#1138,#73,.T.);
#930=EDGE_CURVE('',#1139,#1138,#74,.T.);
#931=EDGE_CURVE('',#1136,#1139,#75,.T.);
#932=EDGE_CURVE('',#1140,#1141,#76,.T.);
#933=EDGE_CURVE('',#1141,#1142,#77,.T.);
#934=EDGE_CURVE('',#1143,#1142,#78,.T.);
#935=EDGE_CURVE('',#1140,#1143,#79,.T.);
#936=EDGE_CURVE('',#1144,#1145,#80,.T.);
#937=EDGE_CURVE('',#1145,#1146,#81,.T.);
#938=EDGE_CURVE('',#1147,#1146,#82,.T.);
#939=EDGE_CURVE('',#1144,#1147,#83,.T.);
#940=EDGE_CURVE('',#1148,#1149,#84,.T.);
#941=EDGE_CURVE('',#1149,#1150,#85,.T.);
#942=EDGE_CURVE('',#1151,#1150,#86,.T.);
#943=EDGE_CURVE('',#1148,#1151,#87,.T.);
#944=EDGE_CURVE('',#1152,#1148,#88,.T.);
#945=EDGE_CURVE('',#1152,#1153,#89,.T.);
#946=EDGE_CURVE('',#1153,#1149,#90,.T.);
#947=EDGE_CURVE('',#1154,#1151,#91,.T.);
#948=EDGE_CURVE('',#1152,#1154,#92,.T.);
#949=EDGE_CURVE('',#1155,#1150,#93,.T.);
#950=EDGE_CURVE('',#1154,#1155,#94,.T.);
#951=EDGE_CURVE('',#1153,#1155,#95,.T.);
#952=EDGE_CURVE('',#1156,#1144,#96,.T.);
#953=EDGE_CURVE('',#1156,#1157,#97,.T.);
#954=EDGE_CURVE('',#1157,#1145,#98,.T.);
#955=EDGE_CURVE('',#1158,#1147,#99,.T.);
#956=EDGE_CURVE('',#1156,#1158,#100,.T.);
#957=EDGE_CURVE('',#1159,#1146,#101,.T.);
#958=EDGE_CURVE('',#1158,#1159,#102,.T.);
#959=EDGE_CURVE('',#1157,#1159,#103,.T.);
#960=EDGE_CURVE('',#1160,#1140,#104,.T.);
#961=EDGE_CURVE('',#1160,#1161,#105,.T.);
#962=EDGE_CURVE('',#1161,#1141,#106,.T.);
#963=EDGE_CURVE('',#1162,#1143,#107,.T.);
#964=EDGE_CURVE('',#1160,#1162,#108,.T.);
#965=EDGE_CURVE('',#1163,#1142,#109,.T.);
#966=EDGE_CURVE('',#1162,#1163,#110,.T.);
#967=EDGE_CURVE('',#1161,#1163,#111,.T.);
#968=EDGE_CURVE('',#1164,#1136,#112,.T.);
#969=EDGE_CURVE('',#1164,#1165,#113,.T.);
#970=EDGE_CURVE('',#1165,#1137,#114,.T.);
#971=EDGE_CURVE('',#1166,#1139,#115,.T.);
#972=EDGE_CURVE('',#1164,#1166,#116,.T.);
#973=EDGE_CURVE('',#1167,#1138,#117,.T.);
#974=EDGE_CURVE('',#1166,#1167,#118,.T.);
#975=EDGE_CURVE('',#1165,#1167,#119,.T.);
#976=EDGE_CURVE('',#1168,#1132,#120,.T.);
#977=EDGE_CURVE('',#1168,#1169,#121,.T.);
#978=EDGE_CURVE('',#1169,#1133,#122,.T.);
#979=EDGE_CURVE('',#1170,#1135,#123,.T.);
#980=EDGE_CURVE('',#1168,#1170,#124,.T.);
#981=EDGE_CURVE('',#1171,#1134,#125,.T.);
#982=EDGE_CURVE('',#1170,#1171,#126,.T.);
#983=EDGE_CURVE('',#1169,#1171,#127,.T.);
#984=EDGE_CURVE('',#1172,#1128,#128,.T.);
#985=EDGE_CURVE('',#1172,#1173,#129,.T.);
#986=EDGE_CURVE('',#1173,#1129,#130,.T.);
#987=EDGE_CURVE('',#1174,#1131,#131,.T.);
#988=EDGE_CURVE('',#1172,#1174,#132,.T.);
#989=EDGE_CURVE('',#1175,#1130,#133,.T.);
#990=EDGE_CURVE('',#1174,#1175,#134,.T.);
#991=EDGE_CURVE('',#1173,#1175,#135,.T.);
#992=EDGE_CURVE('',#1176,#1124,#136,.T.);
#993=EDGE_CURVE('',#1176,#1177,#137,.T.);
#994=EDGE_CURVE('',#1177,#1125,#138,.T.);
#995=EDGE_CURVE('',#1178,#1127,#139,.T.);
#996=EDGE_CURVE('',#1176,#1178,#140,.T.);
#997=EDGE_CURVE('',#1179,#1126,#141,.T.);
#998=EDGE_CURVE('',#1178,#1179,#142,.T.);
#999=EDGE_CURVE('',#1177,#1179,#143,.T.);
#1000=EDGE_CURVE('',#1180,#1120,#144,.T.);
#1001=EDGE_CURVE('',#1180,#1181,#145,.T.);
#1002=EDGE_CURVE('',#1181,#1121,#146,.T.);
#1003=EDGE_CURVE('',#1182,#1123,#147,.T.);
#1004=EDGE_CURVE('',#1180,#1182,#148,.T.);
#1005=EDGE_CURVE('',#1183,#1122,#149,.T.);
#1006=EDGE_CURVE('',#1182,#1183,#150,.T.);
#1007=EDGE_CURVE('',#1181,#1183,#151,.T.);
#1008=EDGE_CURVE('',#1184,#1116,#152,.T.);
#1009=EDGE_CURVE('',#1184,#1185,#153,.T.);
#1010=EDGE_CURVE('',#1185,#1117,#154,.T.);
#1011=EDGE_CURVE('',#1186,#1119,#155,.T.);
#1012=EDGE_CURVE('',#1184,#1186,#156,.T.);
#1013=EDGE_CURVE('',#1187,#1118,#157,.T.);
#1014=EDGE_CURVE('',#1186,#1187,#158,.T.);
#1015=EDGE_CURVE('',#1185,#1187,#159,.T.);
#1016=EDGE_CURVE('',#1188,#1112,#160,.T.);
#1017=EDGE_CURVE('',#1188,#1189,#161,.T.);
#1018=EDGE_CURVE('',#1189,#1113,#162,.T.);
#1019=EDGE_CURVE('',#1190,#1115,#163,.T.);
#1020=EDGE_CURVE('',#1188,#1190,#164,.T.);
#1021=EDGE_CURVE('',#1191,#1114,#165,.T.);
#1022=EDGE_CURVE('',#1190,#1191,#166,.T.);
#1023=EDGE_CURVE('',#1189,#1191,#167,.T.);
#1024=EDGE_CURVE('',#1192,#1108,#168,.T.);
#1025=EDGE_CURVE('',#1192,#1193,#169,.T.);
#1026=EDGE_CURVE('',#1193,#1109,#170,.T.);
#1027=EDGE_CURVE('',#1194,#1111,#171,.T.);
#1028=EDGE_CURVE('',#1192,#1194,#172,.T.);
#1029=EDGE_CURVE('',#1195,#1110,#173,.T.);
#1030=EDGE_CURVE('',#1194,#1195,#174,.T.);
#1031=EDGE_CURVE('',#1193,#1195,#175,.T.);
#1032=EDGE_CURVE('',#1196,#1104,#176,.T.);
#1033=EDGE_CURVE('',#1196,#1197,#177,.T.);
#1034=EDGE_CURVE('',#1197,#1105,#178,.T.);
#1035=EDGE_CURVE('',#1198,#1107,#179,.T.);
#1036=EDGE_CURVE('',#1196,#1198,#180,.T.);
#1037=EDGE_CURVE('',#1199,#1106,#181,.T.);
#1038=EDGE_CURVE('',#1198,#1199,#182,.T.);
#1039=EDGE_CURVE('',#1197,#1199,#183,.T.);
#1040=EDGE_CURVE('',#1200,#1100,#184,.T.);
#1041=EDGE_CURVE('',#1200,#1201,#185,.T.);
#1042=EDGE_CURVE('',#1201,#1101,#186,.T.);
#1043=EDGE_CURVE('',#1202,#1103,#187,.T.);
#1044=EDGE_CURVE('',#1200,#1202,#188,.T.);
#1045=EDGE_CURVE('',#1203,#1102,#189,.T.);
#1046=EDGE_CURVE('',#1202,#1203,#190,.T.);
#1047=EDGE_CURVE('',#1201,#1203,#191,.T.);
#1048=VERTEX_POINT('',#2893);
#1049=VERTEX_POINT('',#2895);
#1050=VERTEX_POINT('',#2898);
#1051=VERTEX_POINT('',#2900);
#1052=VERTEX_POINT('',#2903);
#1053=VERTEX_POINT('',#2905);
#1054=VERTEX_POINT('',#2908);
#1055=VERTEX_POINT('',#2910);
#1056=VERTEX_POINT('',#2913);
#1057=VERTEX_POINT('',#2915);
#1058=VERTEX_POINT('',#2918);
#1059=VERTEX_POINT('',#2920);
#1060=VERTEX_POINT('',#2923);
#1061=VERTEX_POINT('',#2925);
#1062=VERTEX_POINT('',#2928);
#1063=VERTEX_POINT('',#2930);
#1064=VERTEX_POINT('',#2933);
#1065=VERTEX_POINT('',#2934);
#1066=VERTEX_POINT('',#2936);
#1067=VERTEX_POINT('',#2938);
#1068=VERTEX_POINT('',#2942);
#1069=VERTEX_POINT('',#2944);
#1070=VERTEX_POINT('',#2948);
#1071=VERTEX_POINT('',#2950);
#1072=VERTEX_POINT('',#2954);
#1073=VERTEX_POINT('',#2956);
#1074=VERTEX_POINT('',#2960);
#1075=VERTEX_POINT('',#2962);
#1076=VERTEX_POINT('',#2966);
#1077=VERTEX_POINT('',#2968);
#1078=VERTEX_POINT('',#2972);
#1079=VERTEX_POINT('',#2974);
#1080=VERTEX_POINT('',#2978);
#1081=VERTEX_POINT('',#2980);
#1082=VERTEX_POINT('',#2984);
#1083=VERTEX_POINT('',#2986);
#1084=VERTEX_POINT('',#2990);
#1085=VERTEX_POINT('',#2992);
#1086=VERTEX_POINT('',#2996);
#1087=VERTEX_POINT('',#2998);
#1088=VERTEX_POINT('',#3002);
#1089=VERTEX_POINT('',#3004);
#1090=VERTEX_POINT('',#3007);
#1091=VERTEX_POINT('',#3010);
#1092=VERTEX_POINT('',#3013);
#1093=VERTEX_POINT('',#3016);
#1094=VERTEX_POINT('',#3019);
#1095=VERTEX_POINT('',#3022);
#1096=VERTEX_POINT('',#3025);
#1097=VERTEX_POINT('',#3028);
#1098=VERTEX_POINT('',#3031);
#1099=VERTEX_POINT('',#3033);
#1100=VERTEX_POINT('',#3039);
#1101=VERTEX_POINT('',#3040);
#1102=VERTEX_POINT('',#3042);
#1103=VERTEX_POINT('',#3044);
#1104=VERTEX_POINT('',#3047);
#1105=VERTEX_POINT('',#3048);
#1106=VERTEX_POINT('',#3050);
#1107=VERTEX_POINT('',#3052);
#1108=VERTEX_POINT('',#3055);
#1109=VERTEX_POINT('',#3056);
#1110=VERTEX_POINT('',#3058);
#1111=VERTEX_POINT('',#3060);
#1112=VERTEX_POINT('',#3063);
#1113=VERTEX_POINT('',#3064);
#1114=VERTEX_POINT('',#3066);
#1115=VERTEX_POINT('',#3068);
#1116=VERTEX_POINT('',#3071);
#1117=VERTEX_POINT('',#3072);
#1118=VERTEX_POINT('',#3074);
#1119=VERTEX_POINT('',#3076);
#1120=VERTEX_POINT('',#3079);
#1121=VERTEX_POINT('',#3080);
#1122=VERTEX_POINT('',#3082);
#1123=VERTEX_POINT('',#3084);
#1124=VERTEX_POINT('',#3087);
#1125=VERTEX_POINT('',#3088);
#1126=VERTEX_POINT('',#3090);
#1127=VERTEX_POINT('',#3092);
#1128=VERTEX_POINT('',#3095);
#1129=VERTEX_POINT('',#3096);
#1130=VERTEX_POINT('',#3098);
#1131=VERTEX_POINT('',#3100);
#1132=VERTEX_POINT('',#3103);
#1133=VERTEX_POINT('',#3104);
#1134=VERTEX_POINT('',#3106);
#1135=VERTEX_POINT('',#3108);
#1136=VERTEX_POINT('',#3111);
#1137=VERTEX_POINT('',#3112);
#1138=VERTEX_POINT('',#3114);
#1139=VERTEX_POINT('',#3116);
#1140=VERTEX_POINT('',#3119);
#1141=VERTEX_POINT('',#3120);
#1142=VERTEX_POINT('',#3122);
#1143=VERTEX_POINT('',#3124);
#1144=VERTEX_POINT('',#3127);
#1145=VERTEX_POINT('',#3128);
#1146=VERTEX_POINT('',#3130);
#1147=VERTEX_POINT('',#3132);
#1148=VERTEX_POINT('',#3135);
#1149=VERTEX_POINT('',#3136);
#1150=VERTEX_POINT('',#3138);
#1151=VERTEX_POINT('',#3140);
#1152=VERTEX_POINT('',#3145);
#1153=VERTEX_POINT('',#3147);
#1154=VERTEX_POINT('',#3151);
#1155=VERTEX_POINT('',#3155);
#1156=VERTEX_POINT('',#3162);
#1157=VERTEX_POINT('',#3164);
#1158=VERTEX_POINT('',#3168);
#1159=VERTEX_POINT('',#3172);
#1160=VERTEX_POINT('',#3179);
#1161=VERTEX_POINT('',#3181);
#1162=VERTEX_POINT('',#3185);
#1163=VERTEX_POINT('',#3189);
#1164=VERTEX_POINT('',#3196);
#1165=VERTEX_POINT('',#3198);
#1166=VERTEX_POINT('',#3202);
#1167=VERTEX_POINT('',#3206);
#1168=VERTEX_POINT('',#3213);
#1169=VERTEX_POINT('',#3215);
#1170=VERTEX_POINT('',#3219);
#1171=VERTEX_POINT('',#3223);
#1172=VERTEX_POINT('',#3230);
#1173=VERTEX_POINT('',#3232);
#1174=VERTEX_POINT('',#3236);
#1175=VERTEX_POINT('',#3240);
#1176=VERTEX_POINT('',#3247);
#1177=VERTEX_POINT('',#3249);
#1178=VERTEX_POINT('',#3253);
#1179=VERTEX_POINT('',#3257);
#1180=VERTEX_POINT('',#3264);
#1181=VERTEX_POINT('',#3266);
#1182=VERTEX_POINT('',#3270);
#1183=VERTEX_POINT('',#3274);
#1184=VERTEX_POINT('',#3281);
#1185=VERTEX_POINT('',#3283);
#1186=VERTEX_POINT('',#3287);
#1187=VERTEX_POINT('',#3291);
#1188=VERTEX_POINT('',#3298);
#1189=VERTEX_POINT('',#3300);
#1190=VERTEX_POINT('',#3304);
#1191=VERTEX_POINT('',#3308);
#1192=VERTEX_POINT('',#3315);
#1193=VERTEX_POINT('',#3317);
#1194=VERTEX_POINT('',#3321);
#1195=VERTEX_POINT('',#3325);
#1196=VERTEX_POINT('',#3332);
#1197=VERTEX_POINT('',#3334);
#1198=VERTEX_POINT('',#3338);
#1199=VERTEX_POINT('',#3342);
#1200=VERTEX_POINT('',#3349);
#1201=VERTEX_POINT('',#3351);
#1202=VERTEX_POINT('',#3355);
#1203=VERTEX_POINT('',#3359);
#1204=CIRCLE('',#2298,0.0005);
#1205=CIRCLE('',#2299,0.001);
#1206=CIRCLE('',#2301,0.0005);
#1207=CIRCLE('',#2302,0.001);
#1208=CIRCLE('',#2304,0.0005);
#1209=CIRCLE('',#2305,0.001);
#1210=CIRCLE('',#2307,0.0005);
#1211=CIRCLE('',#2308,0.001);
#1212=CIRCLE('',#2310,0.0005);
#1213=CIRCLE('',#2311,0.001);
#1214=CIRCLE('',#2313,0.0005);
#1215=CIRCLE('',#2314,0.001);
#1216=CIRCLE('',#2316,0.0005);
#1217=CIRCLE('',#2317,0.001);
#1218=CIRCLE('',#2319,0.0005);
#1219=CIRCLE('',#2320,0.001);
#1220=CIRCLE('',#2322,0.0015);
#1221=CIRCLE('',#2323,0.0015);
#1222=CIRCLE('',#2325,0.001);
#1223=CIRCLE('',#2326,0.001);
#1224=CIRCLE('',#2331,0.001);
#1225=CIRCLE('',#2332,0.001);
#1226=CIRCLE('',#2334,0.0015);
#1227=CIRCLE('',#2335,0.0015);
#1228=CIRCLE('',#2337,0.001);
#1229=CIRCLE('',#2338,0.001);
#1230=CIRCLE('',#2343,0.00105);
#1231=CIRCLE('',#2344,0.00105);
#1232=CIRCLE('',#2346,0.0005);
#1233=CIRCLE('',#2348,0.0005);
#1234=CIRCLE('',#2350,0.0005);
#1235=CIRCLE('',#2352,0.0005);
#1236=CIRCLE('',#2354,0.0005);
#1237=CIRCLE('',#2356,0.0005);
#1238=CIRCLE('',#2358,0.0005);
#1239=CIRCLE('',#2360,0.0005);
#1240=CIRCLE('',#2362,0.00105);
#1241=CIRCLE('',#2363,0.00105);
#1242=CIRCLE('',#2365,0.001);
#1243=CIRCLE('',#2366,0.001);
#1244=EDGE_LOOP('',(#388));
#1245=EDGE_LOOP('',(#389));
#1246=EDGE_LOOP('',(#390));
#1247=EDGE_LOOP('',(#391));
#1248=EDGE_LOOP('',(#392));
#1249=EDGE_LOOP('',(#393));
#1250=EDGE_LOOP('',(#394));
#1251=EDGE_LOOP('',(#395));
#1252=EDGE_LOOP('',(#396));
#1253=EDGE_LOOP('',(#397));
#1254=EDGE_LOOP('',(#398));
#1255=EDGE_LOOP('',(#399));
#1256=EDGE_LOOP('',(#400));
#1257=EDGE_LOOP('',(#401));
#1258=EDGE_LOOP('',(#402));
#1259=EDGE_LOOP('',(#403));
#1260=EDGE_LOOP('',(#404,#405,#406,#407));
#1261=EDGE_LOOP('',(#408,#409,#410,#411));
#1262=EDGE_LOOP('',(#412,#413,#414,#415));
#1263=EDGE_LOOP('',(#416,#417,#418,#419));
#1264=EDGE_LOOP('',(#420,#421,#422,#423));
#1265=EDGE_LOOP('',(#424,#425,#426,#427));
#1266=EDGE_LOOP('',(#428,#429,#430,#431));
#1267=EDGE_LOOP('',(#432,#433,#434,#435));
#1268=EDGE_LOOP('',(#436,#437,#438,#439));
#1269=EDGE_LOOP('',(#440,#441,#442,#443));
#1270=EDGE_LOOP('',(#444,#445,#446,#447));
#1271=EDGE_LOOP('',(#448));
#1272=EDGE_LOOP('',(#449));
#1273=EDGE_LOOP('',(#450));
#1274=EDGE_LOOP('',(#451));
#1275=EDGE_LOOP('',(#452));
#1276=EDGE_LOOP('',(#453));
#1277=EDGE_LOOP('',(#454));
#1278=EDGE_LOOP('',(#455));
#1279=EDGE_LOOP('',(#456));
#1280=EDGE_LOOP('',(#457));
#1281=EDGE_LOOP('',(#458));
#1282=EDGE_LOOP('',(#459));
#1283=EDGE_LOOP('',(#460));
#1284=EDGE_LOOP('',(#461));
#1285=EDGE_LOOP('',(#462));
#1286=EDGE_LOOP('',(#463));
#1287=EDGE_LOOP('',(#464));
#1288=EDGE_LOOP('',(#465));
#1289=EDGE_LOOP('',(#466));
#1290=EDGE_LOOP('',(#467));
#1291=EDGE_LOOP('',(#468,#469,#470,#471));
#1292=EDGE_LOOP('',(#472,#473,#474,#475));
#1293=EDGE_LOOP('',(#476,#477,#478,#479));
#1294=EDGE_LOOP('',(#480,#481,#482,#483));
#1295=EDGE_LOOP('',(#484,#485,#486,#487));
#1296=EDGE_LOOP('',(#488,#489,#490,#491));
#1297=EDGE_LOOP('',(#492,#493,#494,#495));
#1298=EDGE_LOOP('',(#496,#497,#498,#499));
#1299=EDGE_LOOP('',(#500,#501,#502,#503));
#1300=EDGE_LOOP('',(#504,#505,#506,#507));
#1301=EDGE_LOOP('',(#508,#509,#510,#511));
#1302=EDGE_LOOP('',(#512,#513,#514,#515));
#1303=EDGE_LOOP('',(#516,#517,#518,#519));
#1304=EDGE_LOOP('',(#520,#521,#522,#523));
#1305=EDGE_LOOP('',(#524));
#1306=EDGE_LOOP('',(#525));
#1307=EDGE_LOOP('',(#526));
#1308=EDGE_LOOP('',(#527));
#1309=EDGE_LOOP('',(#528));
#1310=EDGE_LOOP('',(#529));
#1311=EDGE_LOOP('',(#530));
#1312=EDGE_LOOP('',(#531));
#1313=EDGE_LOOP('',(#532));
#1314=EDGE_LOOP('',(#533));
#1315=EDGE_LOOP('',(#534,#535,#536,#537,#538,#539,#540,#541,#542,#543,#544,#545));
#1316=EDGE_LOOP('',(#546));
#1317=EDGE_LOOP('',(#547));
#1318=EDGE_LOOP('',(#548));
#1319=EDGE_LOOP('',(#549));
#1320=EDGE_LOOP('',(#550));
#1321=EDGE_LOOP('',(#551));
#1322=EDGE_LOOP('',(#552));
#1323=EDGE_LOOP('',(#553));
#1324=EDGE_LOOP('',(#554));
#1325=EDGE_LOOP('',(#555));
#1326=EDGE_LOOP('',(#556,#557,#558,#559,#560,#561,#562,#563,#564,#565,#566,#567));
#1327=EDGE_LOOP('',(#568,#569,#570,#571));
#1328=EDGE_LOOP('',(#572,#573,#574,#575));
#1329=EDGE_LOOP('',(#576,#577,#578,#579));
#1330=EDGE_LOOP('',(#580,#581,#582,#583));
#1331=EDGE_LOOP('',(#584,#585,#586,#587));
#1332=EDGE_LOOP('',(#588,#589,#590,#591));
#1333=EDGE_LOOP('',(#592,#593,#594,#595));
#1334=EDGE_LOOP('',(#596,#597,#598,#599));
#1335=EDGE_LOOP('',(#600,#601,#602,#603));
#1336=EDGE_LOOP('',(#604,#605,#606,#607));
#1337=EDGE_LOOP('',(#608,#609,#610,#611));
#1338=EDGE_LOOP('',(#612,#613,#614,#615));
#1339=EDGE_LOOP('',(#616,#617,#618,#619));
#1340=EDGE_LOOP('',(#620,#621,#622,#623));
#1341=EDGE_LOOP('',(#624,#625,#626,#627));
#1342=EDGE_LOOP('',(#628,#629,#630,#631));
#1343=EDGE_LOOP('',(#632,#633,#634,#635));
#1344=EDGE_LOOP('',(#636,#637,#638,#639));
#1345=EDGE_LOOP('',(#640,#641,#642,#643));
#1346=EDGE_LOOP('',(#644,#645,#646,#647));
#1347=EDGE_LOOP('',(#648,#649,#650,#651));
#1348=EDGE_LOOP('',(#652,#653,#654,#655));
#1349=EDGE_LOOP('',(#656,#657,#658,#659));
#1350=EDGE_LOOP('',(#660,#661,#662,#663));
#1351=EDGE_LOOP('',(#664,#665,#666,#667));
#1352=EDGE_LOOP('',(#668,#669,#670,#671));
#1353=EDGE_LOOP('',(#672,#673,#674,#675));
#1354=EDGE_LOOP('',(#676,#677,#678,#679));
#1355=EDGE_LOOP('',(#680,#681,#682,#683));
#1356=EDGE_LOOP('',(#684,#685,#686,#687));
#1357=EDGE_LOOP('',(#688,#689,#690,#691));
#1358=EDGE_LOOP('',(#692,#693,#694,#695));
#1359=EDGE_LOOP('',(#696,#697,#698,#699));
#1360=EDGE_LOOP('',(#700,#701,#702,#703));
#1361=EDGE_LOOP('',(#704,#705,#706,#707));
#1362=EDGE_LOOP('',(#708,#709,#710,#711));
#1363=EDGE_LOOP('',(#712,#713,#714,#715));
#1364=EDGE_LOOP('',(#716,#717,#718,#719));
#1365=EDGE_LOOP('',(#720,#721,#722,#723));
#1366=EDGE_LOOP('',(#724,#725,#726,#727));
#1367=EDGE_LOOP('',(#728,#729,#730,#731));
#1368=EDGE_LOOP('',(#732,#733,#734,#735));
#1369=EDGE_LOOP('',(#736,#737,#738,#739));
#1370=EDGE_LOOP('',(#740,#741,#742,#743));
#1371=EDGE_LOOP('',(#744,#745,#746,#747));
#1372=EDGE_LOOP('',(#748,#749,#750,#751));
#1373=EDGE_LOOP('',(#752,#753,#754,#755));
#1374=EDGE_LOOP('',(#756,#757,#758,#759));
#1375=EDGE_LOOP('',(#760,#761,#762,#763));
#1376=EDGE_LOOP('',(#764,#765,#766,#767));
#1377=EDGE_LOOP('',(#768,#769,#770,#771));
#1378=EDGE_LOOP('',(#772,#773,#774,#775));
#1379=EDGE_LOOP('',(#776,#777,#778,#779));
#1380=EDGE_LOOP('',(#780,#781,#782,#783));
#1381=EDGE_LOOP('',(#784,#785,#786,#787));
#1382=EDGE_LOOP('',(#788,#789,#790,#791));
#1383=EDGE_LOOP('',(#792,#793,#794,#795));
#1384=EDGE_LOOP('',(#796,#797,#798,#799));
#1385=EDGE_LOOP('',(#800,#801,#802,#803));
#1386=EDGE_LOOP('',(#804,#805,#806,#807));
#1387=EDGE_LOOP('',(#808,#809,#810,#811));
#1388=EDGE_LOOP('',(#812,#813,#814,#815));
#1389=EDGE_LOOP('',(#816,#817,#818,#819));
#1390=EDGE_LOOP('',(#820,#821,#822,#823));
#1391=EDGE_LOOP('',(#824,#825,#826,#827));
#1392=FACE_BOUND('',#1244,.T.);
#1393=FACE_BOUND('',#1245,.T.);
#1394=FACE_BOUND('',#1246,.T.);
#1395=FACE_BOUND('',#1247,.T.);
#1396=FACE_BOUND('',#1248,.T.);
#1397=FACE_BOUND('',#1249,.T.);
#1398=FACE_BOUND('',#1250,.T.);
#1399=FACE_BOUND('',#1251,.T.);
#1400=FACE_BOUND('',#1252,.T.);
#1401=FACE_BOUND('',#1253,.T.);
#1402=FACE_BOUND('',#1254,.T.);
#1403=FACE_BOUND('',#1255,.T.);
#1404=FACE_BOUND('',#1256,.T.);
#1405=FACE_BOUND('',#1257,.T.);
#1406=FACE_BOUND('',#1258,.T.);
#1407=FACE_BOUND('',#1259,.T.);
#1408=FACE_BOUND('',#1260,.T.);
#1409=FACE_BOUND('',#1261,.T.);
#1410=FACE_BOUND('',#1262,.T.);
#1411=FACE_BOUND('',#1263,.T.);
#1412=FACE_BOUND('',#1264,.T.);
#1413=FACE_BOUND('',#1265,.T.);
#1414=FACE_BOUND('',#1266,.T.);
#1415=FACE_BOUND('',#1267,.T.);
#1416=FACE_BOUND('',#1268,.T.);
#1417=FACE_BOUND('',#1269,.T.);
#1418=FACE_BOUND('',#1270,.T.);
#1419=FACE_BOUND('',#1271,.T.);
#1420=FACE_BOUND('',#1272,.T.);
#1421=FACE_BOUND('',#1273,.T.);
#1422=FACE_BOUND('',#1274,.T.);
#1423=FACE_BOUND('',#1275,.T.);
#1424=FACE_BOUND('',#1276,.T.);
#1425=FACE_BOUND('',#1277,.T.);
#1426=FACE_BOUND('',#1278,.T.);
#1427=FACE_BOUND('',#1279,.T.);
#1428=FACE_BOUND('',#1280,.T.);
#1429=FACE_BOUND('',#1281,.T.);
#1430=FACE_BOUND('',#1282,.T.);
#1431=FACE_BOUND('',#1283,.T.);
#1432=FACE_BOUND('',#1284,.T.);
#1433=FACE_BOUND('',#1285,.T.);
#1434=FACE_BOUND('',#1286,.T.);
#1435=FACE_BOUND('',#1287,.T.);
#1436=FACE_BOUND('',#1288,.T.);
#1437=FACE_BOUND('',#1289,.T.);
#1438=FACE_BOUND('',#1290,.T.);
#1439=FACE_BOUND('',#1291,.T.);
#1440=FACE_BOUND('',#1292,.T.);
#1441=FACE_BOUND('',#1293,.T.);
#1442=FACE_BOUND('',#1294,.T.);
#1443=FACE_BOUND('',#1295,.T.);
#1444=FACE_BOUND('',#1296,.T.);
#1445=FACE_BOUND('',#1297,.T.);
#1446=FACE_BOUND('',#1298,.T.);
#1447=FACE_BOUND('',#1299,.T.);
#1448=FACE_BOUND('',#1300,.T.);
#1449=FACE_BOUND('',#1301,.T.);
#1450=FACE_BOUND('',#1302,.T.);
#1451=FACE_BOUND('',#1303,.T.);
#1452=FACE_BOUND('',#1304,.T.);
#1453=FACE_BOUND('',#1305,.T.);
#1454=FACE_BOUND('',#1306,.T.);
#1455=FACE_BOUND('',#1307,.T.);
#1456=FACE_BOUND('',#1308,.T.);
#1457=FACE_BOUND('',#1309,.T.);
#1458=FACE_BOUND('',#1310,.T.);
#1459=FACE_BOUND('',#1311,.T.);
#1460=FACE_BOUND('',#1312,.T.);
#1461=FACE_BOUND('',#1313,.T.);
#1462=FACE_BOUND('',#1314,.T.);
#1463=FACE_BOUND('',#1315,.T.);
#1464=FACE_BOUND('',#1316,.T.);
#1465=FACE_BOUND('',#1317,.T.);
#1466=FACE_BOUND('',#1318,.T.);
#1467=FACE_BOUND('',#1319,.T.);
#1468=FACE_BOUND('',#1320,.T.);
#1469=FACE_BOUND('',#1321,.T.);
#1470=FACE_BOUND('',#1322,.T.);
#1471=FACE_BOUND('',#1323,.T.);
#1472=FACE_BOUND('',#1324,.T.);
#1473=FACE_BOUND('',#1325,.T.);
#1474=FACE_BOUND('',#1326,.T.);
#1475=FACE_BOUND('',#1327,.T.);
#1476=FACE_BOUND('',#1328,.T.);
#1477=FACE_BOUND('',#1329,.T.);
#1478=FACE_BOUND('',#1330,.T.);
#1479=FACE_BOUND('',#1331,.T.);
#1480=FACE_BOUND('',#1332,.T.);
#1481=FACE_BOUND('',#1333,.T.);
#1482=FACE_BOUND('',#1334,.T.);
#1483=FACE_BOUND('',#1335,.T.);
#1484=FACE_BOUND('',#1336,.T.);
#1485=FACE_BOUND('',#1337,.T.);
#1486=FACE_BOUND('',#1338,.T.);
#1487=FACE_BOUND('',#1339,.T.);
#1488=FACE_BOUND('',#1340,.T.);
#1489=FACE_BOUND('',#1341,.T.);
#1490=FACE_BOUND('',#1342,.T.);
#1491=FACE_BOUND('',#1343,.T.);
#1492=FACE_BOUND('',#1344,.T.);
#1493=FACE_BOUND('',#1345,.T.);
#1494=FACE_BOUND('',#1346,.T.);
#1495=FACE_BOUND('',#1347,.T.);
#1496=FACE_BOUND('',#1348,.T.);
#1497=FACE_BOUND('',#1349,.T.);
#1498=FACE_BOUND('',#1350,.T.);
#1499=FACE_BOUND('',#1351,.T.);
#1500=FACE_BOUND('',#1352,.T.);
#1501=FACE_BOUND('',#1353,.T.);
#1502=FACE_BOUND('',#1354,.T.);
#1503=FACE_BOUND('',#1355,.T.);
#1504=FACE_BOUND('',#1356,.T.);
#1505=FACE_BOUND('',#1357,.T.);
#1506=FACE_BOUND('',#1358,.T.);
#1507=FACE_BOUND('',#1359,.T.);
#1508=FACE_BOUND('',#1360,.T.);
#1509=FACE_BOUND('',#1361,.T.);
#1510=FACE_BOUND('',#1362,.T.);
#1511=FACE_BOUND('',#1363,.T.);
#1512=FACE_BOUND('',#1364,.T.);
#1513=FACE_BOUND('',#1365,.T.);
#1514=FACE_BOUND('',#1366,.T.);
#1515=FACE_BOUND('',#1367,.T.);
#1516=FACE_BOUND('',#1368,.T.);
#1517=FACE_BOUND('',#1369,.T.);
#1518=FACE_BOUND('',#1370,.T.);
#1519=FACE_BOUND('',#1371,.T.);
#1520=FACE_BOUND('',#1372,.T.);
#1521=FACE_BOUND('',#1373,.T.);
#1522=FACE_BOUND('',#1374,.T.);
#1523=FACE_BOUND('',#1375,.T.);
#1524=FACE_BOUND('',#1376,.T.);
#1525=FACE_BOUND('',#1377,.T.);
#1526=FACE_BOUND('',#1378,.T.);
#1527=FACE_BOUND('',#1379,.T.);
#1528=FACE_BOUND('',#1380,.T.);
#1529=FACE_BOUND('',#1381,.T.);
#1530=FACE_BOUND('',#1382,.T.);
#1531=FACE_BOUND('',#1383,.T.);
#1532=FACE_BOUND('',#1384,.T.);
#1533=FACE_BOUND('',#1385,.T.);
#1534=FACE_BOUND('',#1386,.T.);
#1535=FACE_BOUND('',#1387,.T.);
#1536=FACE_BOUND('',#1388,.T.);
#1537=FACE_BOUND('',#1389,.T.);
#1538=FACE_BOUND('',#1390,.T.);
#1539=FACE_BOUND('',#1391,.T.);
#1540=PLANE('',#2297);
#1541=PLANE('',#2300);
#1542=PLANE('',#2303);
#1543=PLANE('',#2306);
#1544=PLANE('',#2309);
#1545=PLANE('',#2312);
#1546=PLANE('',#2315);
#1547=PLANE('',#2318);
#1548=PLANE('',#2327);
#1549=PLANE('',#2328);
#1550=PLANE('',#2329);
#1551=PLANE('',#2339);
#1552=PLANE('',#2340);
#1553=PLANE('',#2341);
#1554=PLANE('',#2367);
#1555=PLANE('',#2368);
#1556=PLANE('',#2369);
#1557=PLANE('',#2370);
#1558=PLANE('',#2371);
#1559=PLANE('',#2372);
#1560=PLANE('',#2373);
#1561=PLANE('',#2374);
#1562=PLANE('',#2375);
#1563=PLANE('',#2376);
#1564=PLANE('',#2377);
#1565=PLANE('',#2378);
#1566=PLANE('',#2379);
#1567=PLANE('',#2380);
#1568=PLANE('',#2381);
#1569=PLANE('',#2382);
#1570=PLANE('',#2383);
#1571=PLANE('',#2384);
#1572=PLANE('',#2385);
#1573=PLANE('',#2386);
#1574=PLANE('',#2387);
#1575=PLANE('',#2388);
#1576=PLANE('',#2389);
#1577=PLANE('',#2390);
#1578=PLANE('',#2391);
#1579=PLANE('',#2392);
#1580=PLANE('',#2393);
#1581=PLANE('',#2394);
#1582=PLANE('',#2395);
#1583=PLANE('',#2396);
#1584=PLANE('',#2397);
#1585=PLANE('',#2398);
#1586=PLANE('',#2399);
#1587=PLANE('',#2400);
#1588=PLANE('',#2401);
#1589=PLANE('',#2402);
#1590=PLANE('',#2403);
#1591=PLANE('',#2404);
#1592=PLANE('',#2405);
#1593=PLANE('',#2406);
#1594=PLANE('',#2407);
#1595=PLANE('',#2408);
#1596=PLANE('',#2409);
#1597=PLANE('',#2410);
#1598=PLANE('',#2411);
#1599=PLANE('',#2412);
#1600=PLANE('',#2413);
#1601=PLANE('',#2414);
#1602=PLANE('',#2415);
#1603=PLANE('',#2416);
#1604=PLANE('',#2417);
#1605=PLANE('',#2418);
#1606=PLANE('',#2419);
#1607=PLANE('',#2420);
#1608=PLANE('',#2421);
#1609=PLANE('',#2422);
#1610=PLANE('',#2423);
#1611=PLANE('',#2424);
#1612=PLANE('',#2425);
#1613=PLANE('',#2426);
#1614=PLANE('',#2427);
#1615=PLANE('',#2428);
#1616=PLANE('',#2429);
#1617=PLANE('',#2430);
#1618=PLANE('',#2431);
#1619=PLANE('',#2432);
#1620=PLANE('',#2433);
#1621=OVER_RIDING_STYLED_ITEM('',(#1801),#1701,#1799);
#1622=OVER_RIDING_STYLED_ITEM('',(#1802),#1702,#1799);
#1623=OVER_RIDING_STYLED_ITEM('',(#1803),#1703,#1799);
#1624=OVER_RIDING_STYLED_ITEM('',(#1804),#1704,#1799);
#1625=OVER_RIDING_STYLED_ITEM('',(#1805),#1705,#1799);
#1626=OVER_RIDING_STYLED_ITEM('',(#1806),#1706,#1799);
#1627=OVER_RIDING_STYLED_ITEM('',(#1807),#1707,#1799);
#1628=OVER_RIDING_STYLED_ITEM('',(#1808),#1708,#1799);
#1629=OVER_RIDING_STYLED_ITEM('',(#1809),#1721,#1799);
#1630=OVER_RIDING_STYLED_ITEM('',(#1810),#1722,#1799);
#1631=OVER_RIDING_STYLED_ITEM('',(#1811),#1723,#1799);
#1632=OVER_RIDING_STYLED_ITEM('',(#1812),#1724,#1799);
#1633=OVER_RIDING_STYLED_ITEM('',(#1813),#1725,#1799);
#1634=OVER_RIDING_STYLED_ITEM('',(#1814),#1726,#1799);
#1635=OVER_RIDING_STYLED_ITEM('',(#1815),#1727,#1799);
#1636=OVER_RIDING_STYLED_ITEM('',(#1816),#1728,#1799);
#1637=OVER_RIDING_STYLED_ITEM('',(#1817),#1733,#1799);
#1638=OVER_RIDING_STYLED_ITEM('',(#1818),#1734,#1799);
#1639=OVER_RIDING_STYLED_ITEM('',(#1819),#1735,#1799);
#1640=OVER_RIDING_STYLED_ITEM('',(#1820),#1736,#1799);
#1641=OVER_RIDING_STYLED_ITEM('',(#1821),#1737,#1799);
#1642=OVER_RIDING_STYLED_ITEM('',(#1822),#1738,#1799);
#1643=OVER_RIDING_STYLED_ITEM('',(#1823),#1739,#1799);
#1644=OVER_RIDING_STYLED_ITEM('',(#1824),#1740,#1799);
#1645=OVER_RIDING_STYLED_ITEM('',(#1825),#1741,#1799);
#1646=OVER_RIDING_STYLED_ITEM('',(#1826),#1742,#1799);
#1647=OVER_RIDING_STYLED_ITEM('',(#1827),#1743,#1799);
#1648=OVER_RIDING_STYLED_ITEM('',(#1828),#1744,#1799);
#1649=OVER_RIDING_STYLED_ITEM('',(#1829),#1745,#1799);
#1650=OVER_RIDING_STYLED_ITEM('',(#1830),#1746,#1799);
#1651=OVER_RIDING_STYLED_ITEM('',(#1831),#1747,#1799);
#1652=OVER_RIDING_STYLED_ITEM('',(#1832),#1748,#1799);
#1653=OVER_RIDING_STYLED_ITEM('',(#1833),#1749,#1799);
#1654=OVER_RIDING_STYLED_ITEM('',(#1834),#1750,#1799);
#1655=OVER_RIDING_STYLED_ITEM('',(#1835),#1751,#1799);
#1656=OVER_RIDING_STYLED_ITEM('',(#1836),#1752,#1799);
#1657=OVER_RIDING_STYLED_ITEM('',(#1837),#1753,#1799);
#1658=OVER_RIDING_STYLED_ITEM('',(#1838),#1754,#1799);
#1659=OVER_RIDING_STYLED_ITEM('',(#1839),#1755,#1799);
#1660=OVER_RIDING_STYLED_ITEM('',(#1840),#1756,#1799);
#1661=OVER_RIDING_STYLED_ITEM('',(#1841),#1757,#1799);
#1662=OVER_RIDING_STYLED_ITEM('',(#1842),#1758,#1799);
#1663=OVER_RIDING_STYLED_ITEM('',(#1843),#1759,#1799);
#1664=OVER_RIDING_STYLED_ITEM('',(#1844),#1760,#1799);
#1665=OVER_RIDING_STYLED_ITEM('',(#1845),#1761,#1799);
#1666=OVER_RIDING_STYLED_ITEM('',(#1846),#1762,#1799);
#1667=OVER_RIDING_STYLED_ITEM('',(#1847),#1763,#1799);
#1668=OVER_RIDING_STYLED_ITEM('',(#1848),#1764,#1799);
#1669=OVER_RIDING_STYLED_ITEM('',(#1849),#1765,#1799);
#1670=OVER_RIDING_STYLED_ITEM('',(#1850),#1766,#1799);
#1671=OVER_RIDING_STYLED_ITEM('',(#1851),#1767,#1799);
#1672=OVER_RIDING_STYLED_ITEM('',(#1852),#1769,#1799);
#1673=OVER_RIDING_STYLED_ITEM('',(#1853),#1770,#1799);
#1674=OVER_RIDING_STYLED_ITEM('',(#1854),#1771,#1799);
#1675=OVER_RIDING_STYLED_ITEM('',(#1855),#1772,#1799);
#1676=OVER_RIDING_STYLED_ITEM('',(#1856),#1773,#1799);
#1677=OVER_RIDING_STYLED_ITEM('',(#1857),#1774,#1799);
#1678=OVER_RIDING_STYLED_ITEM('',(#1858),#1775,#1799);
#1679=OVER_RIDING_STYLED_ITEM('',(#1859),#1776,#1799);
#1680=OVER_RIDING_STYLED_ITEM('',(#1860),#1777,#1799);
#1681=OVER_RIDING_STYLED_ITEM('',(#1861),#1778,#1799);
#1682=OVER_RIDING_STYLED_ITEM('',(#1862),#1779,#1799);
#1683=OVER_RIDING_STYLED_ITEM('',(#1863),#1780,#1799);
#1684=OVER_RIDING_STYLED_ITEM('',(#1864),#1781,#1799);
#1685=OVER_RIDING_STYLED_ITEM('',(#1865),#1782,#1799);
#1686=OVER_RIDING_STYLED_ITEM('',(#1866),#1783,#1799);
#1687=OVER_RIDING_STYLED_ITEM('',(#1867),#1784,#1799);
#1688=OVER_RIDING_STYLED_ITEM('',(#1868),#1785,#1799);
#1689=OVER_RIDING_STYLED_ITEM('',(#1869),#1786,#1799);
#1690=OVER_RIDING_STYLED_ITEM('',(#1870),#1787,#1799);
#1691=OVER_RIDING_STYLED_ITEM('',(#1871),#1788,#1799);
#1692=OVER_RIDING_STYLED_ITEM('',(#1872),#1789,#1799);
#1693=OVER_RIDING_STYLED_ITEM('',(#1873),#1790,#1799);
#1694=OVER_RIDING_STYLED_ITEM('',(#1874),#1791,#1799);
#1695=OVER_RIDING_STYLED_ITEM('',(#1875),#1792,#1799);
#1696=OVER_RIDING_STYLED_ITEM('',(#1876),#1793,#1799);
#1697=OVER_RIDING_STYLED_ITEM('',(#1877),#1794,#1799);
#1698=OVER_RIDING_STYLED_ITEM('',(#1878),#1795,#1799);
#1699=OVER_RIDING_STYLED_ITEM('',(#1879),#1796,#1799);
#1700=OVER_RIDING_STYLED_ITEM('',(#1880),#1797,#1799);
#1701=ADVANCED_FACE('Apparence de face 6',(#1392,#1393),#1540,.T.);
#1702=ADVANCED_FACE('Apparence de face 6',(#1394,#1395),#1541,.T.);
#1703=ADVANCED_FACE('Apparence de face 6',(#1396,#1397),#1542,.T.);
#1704=ADVANCED_FACE('Apparence de face 6',(#1398,#1399),#1543,.T.);
#1705=ADVANCED_FACE('Apparence de face 6',(#1400,#1401),#1544,.T.);
#1706=ADVANCED_FACE('Apparence de face 6',(#1402,#1403),#1545,.T.);
#1707=ADVANCED_FACE('Apparence de face 6',(#1404,#1405),#1546,.T.);
#1708=ADVANCED_FACE('Apparence de face 6',(#1406,#1407),#1547,.T.);
#1709=ADVANCED_FACE('',(#1408),#372,.T.);
#1710=ADVANCED_FACE('',(#1409),#373,.F.);
#1711=ADVANCED_FACE('',(#1410),#1548,.T.);
#1712=ADVANCED_FACE('',(#1411),#1549,.F.);
#1713=ADVANCED_FACE('',(#1412),#1550,.F.);
#1714=ADVANCED_FACE('',(#1413),#374,.F.);
#1715=ADVANCED_FACE('',(#1414),#375,.T.);
#1716=ADVANCED_FACE('',(#1415),#376,.F.);
#1717=ADVANCED_FACE('',(#1416),#1551,.F.);
#1718=ADVANCED_FACE('',(#1417),#1552,.T.);
#1719=ADVANCED_FACE('',(#1418),#1553,.T.);
#1720=ADVANCED_FACE('',(#1419,#1420),#377,.F.);
#1721=ADVANCED_FACE('Apparence de face 6',(#1421,#1422),#378,.F.);
#1722=ADVANCED_FACE('Apparence de face 6',(#1423,#1424),#379,.F.);
#1723=ADVANCED_FACE('Apparence de face 6',(#1425,#1426),#380,.F.);
#1724=ADVANCED_FACE('Apparence de face 6',(#1427,#1428),#381,.F.);
#1725=ADVANCED_FACE('Apparence de face 6',(#1429,#1430),#382,.F.);
#1726=ADVANCED_FACE('Apparence de face 6',(#1431,#1432),#383,.F.);
#1727=ADVANCED_FACE('Apparence de face 6',(#1433,#1434),#384,.F.);
#1728=ADVANCED_FACE('Apparence de face 6',(#1435,#1436),#385,.F.);
#1729=ADVANCED_FACE('',(#1437,#1438),#386,.F.);
#1730=ADVANCED_FACE('',(#1439),#387,.F.);
#1731=ADVANCED_FACE('',(#1440,#1441,#1442,#1443,#1444,#1445,#1446,#1447,#1448,#1449,#1450,#1451,#1452,#1453,#1454,#1455,#1456,#1457,#1458,#1459,#1460,#1461,#1462,#1463),#1554,.T.);
#1732=ADVANCED_FACE('',(#1464,#1465,#1466,#1467,#1468,#1469,#1470,#1471,#1472,#1473,#1474),#1555,.F.);
#1733=ADVANCED_FACE('Apparence de face 1',(#1475),#1556,.T.);
#1734=ADVANCED_FACE('Apparence de face 1',(#1476),#1557,.F.);
#1735=ADVANCED_FACE('Apparence de face 1',(#1477),#1558,.F.);
#1736=ADVANCED_FACE('Apparence de face 1',(#1478),#1559,.T.);
#1737=ADVANCED_FACE('Apparence de face 1',(#1479),#1560,.T.);
#1738=ADVANCED_FACE('Apparence de face 2',(#1480),#1561,.T.);
#1739=ADVANCED_FACE('Apparence de face 2',(#1481),#1562,.F.);
#1740=ADVANCED_FACE('Apparence de face 2',(#1482),#1563,.F.);
#1741=ADVANCED_FACE('Apparence de face 2',(#1483),#1564,.T.);
#1742=ADVANCED_FACE('Apparence de face 2',(#1484),#1565,.T.);
#1743=ADVANCED_FACE('Apparence de face 2',(#1485),#1566,.T.);
#1744=ADVANCED_FACE('Apparence de face 2',(#1486),#1567,.F.);
#1745=ADVANCED_FACE('Apparence de face 2',(#1487),#1568,.F.);
#1746=ADVANCED_FACE('Apparence de face 2',(#1488),#1569,.T.);
#1747=ADVANCED_FACE('Apparence de face 2',(#1489),#1570,.T.);
#1748=ADVANCED_FACE('Apparence de face 5',(#1490),#1571,.T.);
#1749=ADVANCED_FACE('Apparence de face 5',(#1491),#1572,.F.);
#1750=ADVANCED_FACE('Apparence de face 5',(#1492),#1573,.F.);
#1751=ADVANCED_FACE('Apparence de face 5',(#1493),#1574,.T.);
#1752=ADVANCED_FACE('Apparence de face 5',(#1494),#1575,.T.);
#1753=ADVANCED_FACE('Apparence de face 2',(#1495),#1576,.T.);
#1754=ADVANCED_FACE('Apparence de face 2',(#1496),#1577,.F.);
#1755=ADVANCED_FACE('Apparence de face 2',(#1497),#1578,.F.);
#1756=ADVANCED_FACE('Apparence de face 2',(#1498),#1579,.T.);
#1757=ADVANCED_FACE('Apparence de face 2',(#1499),#1580,.T.);
#1758=ADVANCED_FACE('Apparence de face 3',(#1500),#1581,.T.);
#1759=ADVANCED_FACE('Apparence de face 3',(#1501),#1582,.F.);
#1760=ADVANCED_FACE('Apparence de face 3',(#1502),#1583,.F.);
#1761=ADVANCED_FACE('Apparence de face 3',(#1503),#1584,.T.);
#1762=ADVANCED_FACE('Apparence de face 3',(#1504),#1585,.T.);
#1763=ADVANCED_FACE('Apparence de face 3',(#1505),#1586,.T.);
#1764=ADVANCED_FACE('Apparence de face 3',(#1506),#1587,.F.);
#1765=ADVANCED_FACE('Apparence de face 3',(#1507),#1588,.F.);
#1766=ADVANCED_FACE('Apparence de face 3',(#1508),#1589,.T.);
#1767=ADVANCED_FACE('Apparence de face 3',(#1509),#1590,.T.);
#1768=ADVANCED_FACE('',(#1510),#1591,.T.);
#1769=ADVANCED_FACE('Apparence de face 3',(#1511),#1592,.F.);
#1770=ADVANCED_FACE('Apparence de face 3',(#1512),#1593,.F.);
#1771=ADVANCED_FACE('Apparence de face 3',(#1513),#1594,.T.);
#1772=ADVANCED_FACE('Apparence de face 3',(#1514),#1595,.T.);
#1773=ADVANCED_FACE('Apparence de face 2',(#1515),#1596,.T.);
#1774=ADVANCED_FACE('Apparence de face 2',(#1516),#1597,.F.);
#1775=ADVANCED_FACE('Apparence de face 2',(#1517),#1598,.F.);
#1776=ADVANCED_FACE('Apparence de face 2',(#1518),#1599,.T.);
#1777=ADVANCED_FACE('Apparence de face 2',(#1519),#1600,.T.);
#1778=ADVANCED_FACE('Apparence de face 2',(#1520),#1601,.T.);
#1779=ADVANCED_FACE('Apparence de face 2',(#1521),#1602,.F.);
#1780=ADVANCED_FACE('Apparence de face 2',(#1522),#1603,.F.);
#1781=ADVANCED_FACE('Apparence de face 2',(#1523),#1604,.T.);
#1782=ADVANCED_FACE('Apparence de face 2',(#1524),#1605,.T.);
#1783=ADVANCED_FACE('Apparence de face 2',(#1525),#1606,.T.);
#1784=ADVANCED_FACE('Apparence de face 2',(#1526),#1607,.F.);
#1785=ADVANCED_FACE('Apparence de face 2',(#1527),#1608,.F.);
#1786=ADVANCED_FACE('Apparence de face 2',(#1528),#1609,.T.);
#1787=ADVANCED_FACE('Apparence de face 2',(#1529),#1610,.T.);
#1788=ADVANCED_FACE('Apparence de face 3',(#1530),#1611,.T.);
#1789=ADVANCED_FACE('Apparence de face 3',(#1531),#1612,.F.);
#1790=ADVANCED_FACE('Apparence de face 3',(#1532),#1613,.F.);
#1791=ADVANCED_FACE('Apparence de face 3',(#1533),#1614,.T.);
#1792=ADVANCED_FACE('Apparence de face 3',(#1534),#1615,.T.);
#1793=ADVANCED_FACE('Apparence de face 4',(#1535),#1616,.T.);
#1794=ADVANCED_FACE('Apparence de face 4',(#1536),#1617,.F.);
#1795=ADVANCED_FACE('Apparence de face 4',(#1537),#1618,.F.);
#1796=ADVANCED_FACE('Apparence de face 4',(#1538),#1619,.T.);
#1797=ADVANCED_FACE('Apparence de face 4',(#1539),#1620,.T.);
#1798=CLOSED_SHELL('',(#1701,#1702,#1703,#1704,#1705,#1706,#1707,#1708,#1709,#1710,#1711,#1712,#1713,#1714,#1715,#1716,#1717,#1718,#1719,#1720,#1721,#1722,#1723,#1724,#1725,#1726,#1727,#1728,#1729,#1730,#1731,#1732,#1733,#1734,#1735,#1736,#1737,#1738,#1739,#1740,#1741,#1742,#1743,#1744,#1745,#1746,#1747,#1748,#1749,#1750,#1751,#1752,#1753,#1754,#1755,#1756,#1757,#1758,#1759,#1760,#1761,#1762,#1763,#1764,#1765,#1766,#1767,#1768,#1769,#1770,#1771,#1772,#1773,#1774,#1775,#1776,#1777,#1778,#1779,#1780,#1781,#1782,#1783,#1784,#1785,#1786,#1787,#1788,#1789,#1790,#1791,#1792,#1793,#1794,#1795,#1796,#1797));
#1799=STYLED_ITEM('',(#1800),#2293);
#1800=PRESENTATION_STYLE_ASSIGNMENT((#1881));
#1801=PRESENTATION_STYLE_ASSIGNMENT((#1882));
#1802=PRESENTATION_STYLE_ASSIGNMENT((#1883));
#1803=PRESENTATION_STYLE_ASSIGNMENT((#1884));
#1804=PRESENTATION_STYLE_ASSIGNMENT((#1885));
#1805=PRESENTATION_STYLE_ASSIGNMENT((#1886));
#1806=PRESENTATION_STYLE_ASSIGNMENT((#1887));
#1807=PRESENTATION_STYLE_ASSIGNMENT((#1888));
#1808=PRESENTATION_STYLE_ASSIGNMENT((#1889));
#1809=PRESENTATION_STYLE_ASSIGNMENT((#1890));
#1810=PRESENTATION_STYLE_ASSIGNMENT((#1891));
#1811=PRESENTATION_STYLE_ASSIGNMENT((#1892));
#1812=PRESENTATION_STYLE_ASSIGNMENT((#1893));
#1813=PRESENTATION_STYLE_ASSIGNMENT((#1894));
#1814=PRESENTATION_STYLE_ASSIGNMENT((#1895));
#1815=PRESENTATION_STYLE_ASSIGNMENT((#1896));
#1816=PRESENTATION_STYLE_ASSIGNMENT((#1897));
#1817=PRESENTATION_STYLE_ASSIGNMENT((#1898));
#1818=PRESENTATION_STYLE_ASSIGNMENT((#1899));
#1819=PRESENTATION_STYLE_ASSIGNMENT((#1900));
#1820=PRESENTATION_STYLE_ASSIGNMENT((#1901));
#1821=PRESENTATION_STYLE_ASSIGNMENT((#1902));
#1822=PRESENTATION_STYLE_ASSIGNMENT((#1903));
#1823=PRESENTATION_STYLE_ASSIGNMENT((#1904));
#1824=PRESENTATION_STYLE_ASSIGNMENT((#1905));
#1825=PRESENTATION_STYLE_ASSIGNMENT((#1906));
#1826=PRESENTATION_STYLE_ASSIGNMENT((#1907));
#1827=PRESENTATION_STYLE_ASSIGNMENT((#1908));
#1828=PRESENTATION_STYLE_ASSIGNMENT((#1909));
#1829=PRESENTATION_STYLE_ASSIGNMENT((#1910));
#1830=PRESENTATION_STYLE_ASSIGNMENT((#1911));
#1831=PRESENTATION_STYLE_ASSIGNMENT((#1912));
#1832=PRESENTATION_STYLE_ASSIGNMENT((#1913));
#1833=PRESENTATION_STYLE_ASSIGNMENT((#1914));
#1834=PRESENTATION_STYLE_ASSIGNMENT((#1915));
#1835=PRESENTATION_STYLE_ASSIGNMENT((#1916));
#1836=PRESENTATION_STYLE_ASSIGNMENT((#1917));
#1837=PRESENTATION_STYLE_ASSIGNMENT((#1918));
#1838=PRESENTATION_STYLE_ASSIGNMENT((#1919));
#1839=PRESENTATION_STYLE_ASSIGNMENT((#1920));
#1840=PRESENTATION_STYLE_ASSIGNMENT((#1921));
#1841=PRESENTATION_STYLE_ASSIGNMENT((#1922));
#1842=PRESENTATION_STYLE_ASSIGNMENT((#1923));
#1843=PRESENTATION_STYLE_ASSIGNMENT((#1924));
#1844=PRESENTATION_STYLE_ASSIGNMENT((#1925));
#1845=PRESENTATION_STYLE_ASSIGNMENT((#1926));
#1846=PRESENTATION_STYLE_ASSIGNMENT((#1927));
#1847=PRESENTATION_STYLE_ASSIGNMENT((#1928));
#1848=PRESENTATION_STYLE_ASSIGNMENT((#1929));
#1849=PRESENTATION_STYLE_ASSIGNMENT((#1930));
#1850=PRESENTATION_STYLE_ASSIGNMENT((#1931));
#1851=PRESENTATION_STYLE_ASSIGNMENT((#1932));
#1852=PRESENTATION_STYLE_ASSIGNMENT((#1933));
#1853=PRESENTATION_STYLE_ASSIGNMENT((#1934));
#1854=PRESENTATION_STYLE_ASSIGNMENT((#1935));
#1855=PRESENTATION_STYLE_ASSIGNMENT((#1936));
#1856=PRESENTATION_STYLE_ASSIGNMENT((#1937));
#1857=PRESENTATION_STYLE_ASSIGNMENT((#1938));
#1858=PRESENTATION_STYLE_ASSIGNMENT((#1939));
#1859=PRESENTATION_STYLE_ASSIGNMENT((#1940));
#1860=PRESENTATION_STYLE_ASSIGNMENT((#1941));
#1861=PRESENTATION_STYLE_ASSIGNMENT((#1942));
#1862=PRESENTATION_STYLE_ASSIGNMENT((#1943));
#1863=PRESENTATION_STYLE_ASSIGNMENT((#1944));
#1864=PRESENTATION_STYLE_ASSIGNMENT((#1945));
#1865=PRESENTATION_STYLE_ASSIGNMENT((#1946));
#1866=PRESENTATION_STYLE_ASSIGNMENT((#1947));
#1867=PRESENTATION_STYLE_ASSIGNMENT((#1948));
#1868=PRESENTATION_STYLE_ASSIGNMENT((#1949));
#1869=PRESENTATION_STYLE_ASSIGNMENT((#1950));
#1870=PRESENTATION_STYLE_ASSIGNMENT((#1951));
#1871=PRESENTATION_STYLE_ASSIGNMENT((#1952));
#1872=PRESENTATION_STYLE_ASSIGNMENT((#1953));
#1873=PRESENTATION_STYLE_ASSIGNMENT((#1954));
#1874=PRESENTATION_STYLE_ASSIGNMENT((#1955));
#1875=PRESENTATION_STYLE_ASSIGNMENT((#1956));
#1876=PRESENTATION_STYLE_ASSIGNMENT((#1957));
#1877=PRESENTATION_STYLE_ASSIGNMENT((#1958));
#1878=PRESENTATION_STYLE_ASSIGNMENT((#1959));
#1879=PRESENTATION_STYLE_ASSIGNMENT((#1960));
#1880=PRESENTATION_STYLE_ASSIGNMENT((#1961));
#1881=SURFACE_STYLE_USAGE(.BOTH.,#1962);
#1882=SURFACE_STYLE_USAGE(.BOTH.,#1963);
#1883=SURFACE_STYLE_USAGE(.BOTH.,#1964);
#1884=SURFACE_STYLE_USAGE(.BOTH.,#1965);
#1885=SURFACE_STYLE_USAGE(.BOTH.,#1966);
#1886=SURFACE_STYLE_USAGE(.BOTH.,#1967);
#1887=SURFACE_STYLE_USAGE(.BOTH.,#1968);
#1888=SURFACE_STYLE_USAGE(.BOTH.,#1969);
#1889=SURFACE_STYLE_USAGE(.BOTH.,#1970);
#1890=SURFACE_STYLE_USAGE(.BOTH.,#1971);
#1891=SURFACE_STYLE_USAGE(.BOTH.,#1972);
#1892=SURFACE_STYLE_USAGE(.BOTH.,#1973);
#1893=SURFACE_STYLE_USAGE(.BOTH.,#1974);
#1894=SURFACE_STYLE_USAGE(.BOTH.,#1975);
#1895=SURFACE_STYLE_USAGE(.BOTH.,#1976);
#1896=SURFACE_STYLE_USAGE(.BOTH.,#1977);
#1897=SURFACE_STYLE_USAGE(.BOTH.,#1978);
#1898=SURFACE_STYLE_USAGE(.BOTH.,#1979);
#1899=SURFACE_STYLE_USAGE(.BOTH.,#1980);
#1900=SURFACE_STYLE_USAGE(.BOTH.,#1981);
#1901=SURFACE_STYLE_USAGE(.BOTH.,#1982);
#1902=SURFACE_STYLE_USAGE(.BOTH.,#1983);
#1903=SURFACE_STYLE_USAGE(.BOTH.,#1984);
#1904=SURFACE_STYLE_USAGE(.BOTH.,#1985);
#1905=SURFACE_STYLE_USAGE(.BOTH.,#1986);
#1906=SURFACE_STYLE_USAGE(.BOTH.,#1987);
#1907=SURFACE_STYLE_USAGE(.BOTH.,#1988);
#1908=SURFACE_STYLE_USAGE(.BOTH.,#1989);
#1909=SURFACE_STYLE_USAGE(.BOTH.,#1990);
#1910=SURFACE_STYLE_USAGE(.BOTH.,#1991);
#1911=SURFACE_STYLE_USAGE(.BOTH.,#1992);
#1912=SURFACE_STYLE_USAGE(.BOTH.,#1993);
#1913=SURFACE_STYLE_USAGE(.BOTH.,#1994);
#1914=SURFACE_STYLE_USAGE(.BOTH.,#1995);
#1915=SURFACE_STYLE_USAGE(.BOTH.,#1996);
#1916=SURFACE_STYLE_USAGE(.BOTH.,#1997);
#1917=SURFACE_STYLE_USAGE(.BOTH.,#1998);
#1918=SURFACE_STYLE_USAGE(.BOTH.,#1999);
#1919=SURFACE_STYLE_USAGE(.BOTH.,#2000);
#1920=SURFACE_STYLE_USAGE(.BOTH.,#2001);
#1921=SURFACE_STYLE_USAGE(.BOTH.,#2002);
#1922=SURFACE_STYLE_USAGE(.BOTH.,#2003);
#1923=SURFACE_STYLE_USAGE(.BOTH.,#2004);
#1924=SURFACE_STYLE_USAGE(.BOTH.,#2005);
#1925=SURFACE_STYLE_USAGE(.BOTH.,#2006);
#1926=SURFACE_STYLE_USAGE(.BOTH.,#2007);
#1927=SURFACE_STYLE_USAGE(.BOTH.,#2008);
#1928=SURFACE_STYLE_USAGE(.BOTH.,#2009);
#1929=SURFACE_STYLE_USAGE(.BOTH.,#2010);
#1930=SURFACE_STYLE_USAGE(.BOTH.,#2011);
#1931=SURFACE_STYLE_USAGE(.BOTH.,#2012);
#1932=SURFACE_STYLE_USAGE(.BOTH.,#2013);
#1933=SURFACE_STYLE_USAGE(.BOTH.,#2014);
#1934=SURFACE_STYLE_USAGE(.BOTH.,#2015);
#1935=SURFACE_STYLE_USAGE(.BOTH.,#2016);
#1936=SURFACE_STYLE_USAGE(.BOTH.,#2017);
#1937=SURFACE_STYLE_USAGE(.BOTH.,#2018);
#1938=SURFACE_STYLE_USAGE(.BOTH.,#2019);
#1939=SURFACE_STYLE_USAGE(.BOTH.,#2020);
#1940=SURFACE_STYLE_USAGE(.BOTH.,#2021);
#1941=SURFACE_STYLE_USAGE(.BOTH.,#2022);
#1942=SURFACE_STYLE_USAGE(.BOTH.,#2023);
#1943=SURFACE_STYLE_USAGE(.BOTH.,#2024);
#1944=SURFACE_STYLE_USAGE(.BOTH.,#2025);
#1945=SURFACE_STYLE_USAGE(.BOTH.,#2026);
#1946=SURFACE_STYLE_USAGE(.BOTH.,#2027);
#1947=SURFACE_STYLE_USAGE(.BOTH.,#2028);
#1948=SURFACE_STYLE_USAGE(.BOTH.,#2029);
#1949=SURFACE_STYLE_USAGE(.BOTH.,#2030);
#1950=SURFACE_STYLE_USAGE(.BOTH.,#2031);
#1951=SURFACE_STYLE_USAGE(.BOTH.,#2032);
#1952=SURFACE_STYLE_USAGE(.BOTH.,#2033);
#1953=SURFACE_STYLE_USAGE(.BOTH.,#2034);
#1954=SURFACE_STYLE_USAGE(.BOTH.,#2035);
#1955=SURFACE_STYLE_USAGE(.BOTH.,#2036);
#1956=SURFACE_STYLE_USAGE(.BOTH.,#2037);
#1957=SURFACE_STYLE_USAGE(.BOTH.,#2038);
#1958=SURFACE_STYLE_USAGE(.BOTH.,#2039);
#1959=SURFACE_STYLE_USAGE(.BOTH.,#2040);
#1960=SURFACE_STYLE_USAGE(.BOTH.,#2041);
#1961=SURFACE_STYLE_USAGE(.BOTH.,#2042);
#1962=SURFACE_SIDE_STYLE('',(#2043));
#1963=SURFACE_SIDE_STYLE('',(#2044));
#1964=SURFACE_SIDE_STYLE('',(#2045));
#1965=SURFACE_SIDE_STYLE('',(#2046));
#1966=SURFACE_SIDE_STYLE('',(#2047));
#1967=SURFACE_SIDE_STYLE('',(#2048));
#1968=SURFACE_SIDE_STYLE('',(#2049));
#1969=SURFACE_SIDE_STYLE('',(#2050));
#1970=SURFACE_SIDE_STYLE('',(#2051));
#1971=SURFACE_SIDE_STYLE('',(#2052));
#1972=SURFACE_SIDE_STYLE('',(#2053));
#1973=SURFACE_SIDE_STYLE('',(#2054));
#1974=SURFACE_SIDE_STYLE('',(#2055));
#1975=SURFACE_SIDE_STYLE('',(#2056));
#1976=SURFACE_SIDE_STYLE('',(#2057));
#1977=SURFACE_SIDE_STYLE('',(#2058));
#1978=SURFACE_SIDE_STYLE('',(#2059));
#1979=SURFACE_SIDE_STYLE('',(#2060));
#1980=SURFACE_SIDE_STYLE('',(#2061));
#1981=SURFACE_SIDE_STYLE('',(#2062));
#1982=SURFACE_SIDE_STYLE('',(#2063));
#1983=SURFACE_SIDE_STYLE('',(#2064));
#1984=SURFACE_SIDE_STYLE('',(#2065));
#1985=SURFACE_SIDE_STYLE('',(#2066));
#1986=SURFACE_SIDE_STYLE('',(#2067));
#1987=SURFACE_SIDE_STYLE('',(#2068));
#1988=SURFACE_SIDE_STYLE('',(#2069));
#1989=SURFACE_SIDE_STYLE('',(#2070));
#1990=SURFACE_SIDE_STYLE('',(#2071));
#1991=SURFACE_SIDE_STYLE('',(#2072));
#1992=SURFACE_SIDE_STYLE('',(#2073));
#1993=SURFACE_SIDE_STYLE('',(#2074));
#1994=SURFACE_SIDE_STYLE('',(#2075));
#1995=SURFACE_SIDE_STYLE('',(#2076));
#1996=SURFACE_SIDE_STYLE('',(#2077));
#1997=SURFACE_SIDE_STYLE('',(#2078));
#1998=SURFACE_SIDE_STYLE('',(#2079));
#1999=SURFACE_SIDE_STYLE('',(#2080));
#2000=SURFACE_SIDE_STYLE('',(#2081));
#2001=SURFACE_SIDE_STYLE('',(#2082));
#2002=SURFACE_SIDE_STYLE('',(#2083));
#2003=SURFACE_SIDE_STYLE('',(#2084));
#2004=SURFACE_SIDE_STYLE('',(#2085));
#2005=SURFACE_SIDE_STYLE('',(#2086));
#2006=SURFACE_SIDE_STYLE('',(#2087));
#2007=SURFACE_SIDE_STYLE('',(#2088));
#2008=SURFACE_SIDE_STYLE('',(#2089));
#2009=SURFACE_SIDE_STYLE('',(#2090));
#2010=SURFACE_SIDE_STYLE('',(#2091));
#2011=SURFACE_SIDE_STYLE('',(#2092));
#2012=SURFACE_SIDE_STYLE('',(#2093));
#2013=SURFACE_SIDE_STYLE('',(#2094));
#2014=SURFACE_SIDE_STYLE('',(#2095));
#2015=SURFACE_SIDE_STYLE('',(#2096));
#2016=SURFACE_SIDE_STYLE('',(#2097));
#2017=SURFACE_SIDE_STYLE('',(#2098));
#2018=SURFACE_SIDE_STYLE('',(#2099));
#2019=SURFACE_SIDE_STYLE('',(#2100));
#2020=SURFACE_SIDE_STYLE('',(#2101));
#2021=SURFACE_SIDE_STYLE('',(#2102));
#2022=SURFACE_SIDE_STYLE('',(#2103));
#2023=SURFACE_SIDE_STYLE('',(#2104));
#2024=SURFACE_SIDE_STYLE('',(#2105));
#2025=SURFACE_SIDE_STYLE('',(#2106));
#2026=SURFACE_SIDE_STYLE('',(#2107));
#2027=SURFACE_SIDE_STYLE('',(#2108));
#2028=SURFACE_SIDE_STYLE('',(#2109));
#2029=SURFACE_SIDE_STYLE('',(#2110));
#2030=SURFACE_SIDE_STYLE('',(#2111));
#2031=SURFACE_SIDE_STYLE('',(#2112));
#2032=SURFACE_SIDE_STYLE('',(#2113));
#2033=SURFACE_SIDE_STYLE('',(#2114));
#2034=SURFACE_SIDE_STYLE('',(#2115));
#2035=SURFACE_SIDE_STYLE('',(#2116));
#2036=SURFACE_SIDE_STYLE('',(#2117));
#2037=SURFACE_SIDE_STYLE('',(#2118));
#2038=SURFACE_SIDE_STYLE('',(#2119));
#2039=SURFACE_SIDE_STYLE('',(#2120));
#2040=SURFACE_SIDE_STYLE('',(#2121));
#2041=SURFACE_SIDE_STYLE('',(#2122));
#2042=SURFACE_SIDE_STYLE('',(#2123));
#2043=SURFACE_STYLE_FILL_AREA(#2124);
#2044=SURFACE_STYLE_FILL_AREA(#2125);
#2045=SURFACE_STYLE_FILL_AREA(#2126);
#2046=SURFACE_STYLE_FILL_AREA(#2127);
#2047=SURFACE_STYLE_FILL_AREA(#2128);
#2048=SURFACE_STYLE_FILL_AREA(#2129);
#2049=SURFACE_STYLE_FILL_AREA(#2130);
#2050=SURFACE_STYLE_FILL_AREA(#2131);
#2051=SURFACE_STYLE_FILL_AREA(#2132);
#2052=SURFACE_STYLE_FILL_AREA(#2133);
#2053=SURFACE_STYLE_FILL_AREA(#2134);
#2054=SURFACE_STYLE_FILL_AREA(#2135);
#2055=SURFACE_STYLE_FILL_AREA(#2136);
#2056=SURFACE_STYLE_FILL_AREA(#2137);
#2057=SURFACE_STYLE_FILL_AREA(#2138);
#2058=SURFACE_STYLE_FILL_AREA(#2139);
#2059=SURFACE_STYLE_FILL_AREA(#2140);
#2060=SURFACE_STYLE_FILL_AREA(#2141);
#2061=SURFACE_STYLE_FILL_AREA(#2142);
#2062=SURFACE_STYLE_FILL_AREA(#2143);
#2063=SURFACE_STYLE_FILL_AREA(#2144);
#2064=SURFACE_STYLE_FILL_AREA(#2145);
#2065=SURFACE_STYLE_FILL_AREA(#2146);
#2066=SURFACE_STYLE_FILL_AREA(#2147);
#2067=SURFACE_STYLE_FILL_AREA(#2148);
#2068=SURFACE_STYLE_FILL_AREA(#2149);
#2069=SURFACE_STYLE_FILL_AREA(#2150);
#2070=SURFACE_STYLE_FILL_AREA(#2151);
#2071=SURFACE_STYLE_FILL_AREA(#2152);
#2072=SURFACE_STYLE_FILL_AREA(#2153);
#2073=SURFACE_STYLE_FILL_AREA(#2154);
#2074=SURFACE_STYLE_FILL_AREA(#2155);
#2075=SURFACE_STYLE_FILL_AREA(#2156);
#2076=SURFACE_STYLE_FILL_AREA(#2157);
#2077=SURFACE_STYLE_FILL_AREA(#2158);
#2078=SURFACE_STYLE_FILL_AREA(#2159);
#2079=SURFACE_STYLE_FILL_AREA(#2160);
#2080=SURFACE_STYLE_FILL_AREA(#2161);
#2081=SURFACE_STYLE_FILL_AREA(#2162);
#2082=SURFACE_STYLE_FILL_AREA(#2163);
#2083=SURFACE_STYLE_FILL_AREA(#2164);
#2084=SURFACE_STYLE_FILL_AREA(#2165);
#2085=SURFACE_STYLE_FILL_AREA(#2166);
#2086=SURFACE_STYLE_FILL_AREA(#2167);
#2087=SURFACE_STYLE_FILL_AREA(#2168);
#2088=SURFACE_STYLE_FILL_AREA(#2169);
#2089=SURFACE_STYLE_FILL_AREA(#2170);
#2090=SURFACE_STYLE_FILL_AREA(#2171);
#2091=SURFACE_STYLE_FILL_AREA(#2172);
#2092=SURFACE_STYLE_FILL_AREA(#2173);
#2093=SURFACE_STYLE_FILL_AREA(#2174);
#2094=SURFACE_STYLE_FILL_AREA(#2175);
#2095=SURFACE_STYLE_FILL_AREA(#2176);
#2096=SURFACE_STYLE_FILL_AREA(#2177);
#2097=SURFACE_STYLE_FILL_AREA(#2178);
#2098=SURFACE_STYLE_FILL_AREA(#2179);
#2099=SURFACE_STYLE_FILL_AREA(#2180);
#2100=SURFACE_STYLE_FILL_AREA(#2181);
#2101=SURFACE_STYLE_FILL_AREA(#2182);
#2102=SURFACE_STYLE_FILL_AREA(#2183);
#2103=SURFACE_STYLE_FILL_AREA(#2184);
#2104=SURFACE_STYLE_FILL_AREA(#2185);
#2105=SURFACE_STYLE_FILL_AREA(#2186);
#2106=SURFACE_STYLE_FILL_AREA(#2187);
#2107=SURFACE_STYLE_FILL_AREA(#2188);
#2108=SURFACE_STYLE_FILL_AREA(#2189);
#2109=SURFACE_STYLE_FILL_AREA(#2190);
#2110=SURFACE_STYLE_FILL_AREA(#2191);
#2111=SURFACE_STYLE_FILL_AREA(#2192);
#2112=SURFACE_STYLE_FILL_AREA(#2193);
#2113=SURFACE_STYLE_FILL_AREA(#2194);
#2114=SURFACE_STYLE_FILL_AREA(#2195);
#2115=SURFACE_STYLE_FILL_AREA(#2196);
#2116=SURFACE_STYLE_FILL_AREA(#2197);
#2117=SURFACE_STYLE_FILL_AREA(#2198);
#2118=SURFACE_STYLE_FILL_AREA(#2199);
#2119=SURFACE_STYLE_FILL_AREA(#2200);
#2120=SURFACE_STYLE_FILL_AREA(#2201);
#2121=SURFACE_STYLE_FILL_AREA(#2202);
#2122=SURFACE_STYLE_FILL_AREA(#2203);
#2123=SURFACE_STYLE_FILL_AREA(#2204);
#2124=FILL_AREA_STYLE('',(#2205));
#2125=FILL_AREA_STYLE('',(#2206));
#2126=FILL_AREA_STYLE('',(#2207));
#2127=FILL_AREA_STYLE('',(#2208));
#2128=FILL_AREA_STYLE('',(#2209));
#2129=FILL_AREA_STYLE('',(#2210));
#2130=FILL_AREA_STYLE('',(#2211));
#2131=FILL_AREA_STYLE('',(#2212));
#2132=FILL_AREA_STYLE('',(#2213));
#2133=FILL_AREA_STYLE('',(#2214));
#2134=FILL_AREA_STYLE('',(#2215));
#2135=FILL_AREA_STYLE('',(#2216));
#2136=FILL_AREA_STYLE('',(#2217));
#2137=FILL_AREA_STYLE('',(#2218));
#2138=FILL_AREA_STYLE('',(#2219));
#2139=FILL_AREA_STYLE('',(#2220));
#2140=FILL_AREA_STYLE('',(#2221));
#2141=FILL_AREA_STYLE('',(#2222));
#2142=FILL_AREA_STYLE('',(#2223));
#2143=FILL_AREA_STYLE('',(#2224));
#2144=FILL_AREA_STYLE('',(#2225));
#2145=FILL_AREA_STYLE('',(#2226));
#2146=FILL_AREA_STYLE('',(#2227));
#2147=FILL_AREA_STYLE('',(#2228));
#2148=FILL_AREA_STYLE('',(#2229));
#2149=FILL_AREA_STYLE('',(#2230));
#2150=FILL_AREA_STYLE('',(#2231));
#2151=FILL_AREA_STYLE('',(#2232));
#2152=FILL_AREA_STYLE('',(#2233));
#2153=FILL_AREA_STYLE('',(#2234));
#2154=FILL_AREA_STYLE('',(#2235));
#2155=FILL_AREA_STYLE('',(#2236));
#2156=FILL_AREA_STYLE('',(#2237));
#2157=FILL_AREA_STYLE('',(#2238));
#2158=FILL_AREA_STYLE('',(#2239));
#2159=FILL_AREA_STYLE('',(#2240));
#2160=FILL_AREA_STYLE('',(#2241));
#2161=FILL_AREA_STYLE('',(#2242));
#2162=FILL_AREA_STYLE('',(#2243));
#2163=FILL_AREA_STYLE('',(#2244));
#2164=FILL_AREA_STYLE('',(#2245));
#2165=FILL_AREA_STYLE('',(#2246));
#2166=FILL_AREA_STYLE('',(#2247));
#2167=FILL_AREA_STYLE('',(#2248));
#2168=FILL_AREA_STYLE('',(#2249));
#2169=FILL_AREA_STYLE('',(#2250));
#2170=FILL_AREA_STYLE('',(#2251));
#2171=FILL_AREA_STYLE('',(#2252));
#2172=FILL_AREA_STYLE('',(#2253));
#2173=FILL_AREA_STYLE('',(#2254));
#2174=FILL_AREA_STYLE('',(#2255));
#2175=FILL_AREA_STYLE('',(#2256));
#2176=FILL_AREA_STYLE('',(#2257));
#2177=FILL_AREA_STYLE('',(#2258));
#2178=FILL_AREA_STYLE('',(#2259));
#2179=FILL_AREA_STYLE('',(#2260));
#2180=FILL_AREA_STYLE('',(#2261));
#2181=FILL_AREA_STYLE('',(#2262));
#2182=FILL_AREA_STYLE('',(#2263));
#2183=FILL_AREA_STYLE('',(#2264));
#2184=FILL_AREA_STYLE('',(#2265));
#2185=FILL_AREA_STYLE('',(#2266));
#2186=FILL_AREA_STYLE('',(#2267));
#2187=FILL_AREA_STYLE('',(#2268));
#2188=FILL_AREA_STYLE('',(#2269));
#2189=FILL_AREA_STYLE('',(#2270));
#2190=FILL_AREA_STYLE('',(#2271));
#2191=FILL_AREA_STYLE('',(#2272));
#2192=FILL_AREA_STYLE('',(#2273));
#2193=FILL_AREA_STYLE('',(#2274));
#2194=FILL_AREA_STYLE('',(#2275));
#2195=FILL_AREA_STYLE('',(#2276));
#2196=FILL_AREA_STYLE('',(#2277));
#2197=FILL_AREA_STYLE('',(#2278));
#2198=FILL_AREA_STYLE('',(#2279));
#2199=FILL_AREA_STYLE('',(#2280));
#2200=FILL_AREA_STYLE('',(#2281));
#2201=FILL_AREA_STYLE('',(#2282));
#2202=FILL_AREA_STYLE('',(#2283));
#2203=FILL_AREA_STYLE('',(#2284));
#2204=FILL_AREA_STYLE('',(#2285));
#2205=FILL_AREA_STYLE_COLOUR('',#2286);
#2206=FILL_AREA_STYLE_COLOUR('',#2287);
#2207=FILL_AREA_STYLE_COLOUR('',#2287);
#2208=FILL_AREA_STYLE_COLOUR('',#2287);
#2209=FILL_AREA_STYLE_COLOUR('',#2287);
#2210=FILL_AREA_STYLE_COLOUR('',#2287);
#2211=FILL_AREA_STYLE_COLOUR('',#2287);
#2212=FILL_AREA_STYLE_COLOUR('',#2287);
#2213=FILL_AREA_STYLE_COLOUR('',#2287);
#2214=FILL_AREA_STYLE_COLOUR('',#2287);
#2215=FILL_AREA_STYLE_COLOUR('',#2287);
#2216=FILL_AREA_STYLE_COLOUR('',#2287);
#2217=FILL_AREA_STYLE_COLOUR('',#2287);
#2218=FILL_AREA_STYLE_COLOUR('',#2287);
#2219=FILL_AREA_STYLE_COLOUR('',#2287);
#2220=FILL_AREA_STYLE_COLOUR('',#2287);
#2221=FILL_AREA_STYLE_COLOUR('',#2287);
#2222=FILL_AREA_STYLE_COLOUR('',#2288);
#2223=FILL_AREA_STYLE_COLOUR('',#2288);
#2224=FILL_AREA_STYLE_COLOUR('',#2288);
#2225=FILL_AREA_STYLE_COLOUR('',#2288);
#2226=FILL_AREA_STYLE_COLOUR('',#2288);
#2227=FILL_AREA_STYLE_COLOUR('',#2289);
#2228=FILL_AREA_STYLE_COLOUR('',#2289);
#2229=FILL_AREA_STYLE_COLOUR('',#2289);
#2230=FILL_AREA_STYLE_COLOUR('',#2289);
#2231=FILL_AREA_STYLE_COLOUR('',#2289);
#2232=FILL_AREA_STYLE_COLOUR('',#2289);
#2233=FILL_AREA_STYLE_COLOUR('',#2289);
#2234=FILL_AREA_STYLE_COLOUR('',#2289);
#2235=FILL_AREA_STYLE_COLOUR('',#2289);
#2236=FILL_AREA_STYLE_COLOUR('',#2289);
#2237=FILL_AREA_STYLE_COLOUR('',#2290);
#2238=FILL_AREA_STYLE_COLOUR('',#2290);
#2239=FILL_AREA_STYLE_COLOUR('',#2290);
#2240=FILL_AREA_STYLE_COLOUR('',#2290);
#2241=FILL_AREA_STYLE_COLOUR('',#2290);
#2242=FILL_AREA_STYLE_COLOUR('',#2289);
#2243=FILL_AREA_STYLE_COLOUR('',#2289);
#2244=FILL_AREA_STYLE_COLOUR('',#2289);
#2245=FILL_AREA_STYLE_COLOUR('',#2289);
#2246=FILL_AREA_STYLE_COLOUR('',#2289);
#2247=FILL_AREA_STYLE_COLOUR('',#2291);
#2248=FILL_AREA_STYLE_COLOUR('',#2291);
#2249=FILL_AREA_STYLE_COLOUR('',#2291);
#2250=FILL_AREA_STYLE_COLOUR('',#2291);
#2251=FILL_AREA_STYLE_COLOUR('',#2291);
#2252=FILL_AREA_STYLE_COLOUR('',#2291);
#2253=FILL_AREA_STYLE_COLOUR('',#2291);
#2254=FILL_AREA_STYLE_COLOUR('',#2291);
#2255=FILL_AREA_STYLE_COLOUR('',#2291);
#2256=FILL_AREA_STYLE_COLOUR('',#2291);
#2257=FILL_AREA_STYLE_COLOUR('',#2291);
#2258=FILL_AREA_STYLE_COLOUR('',#2291);
#2259=FILL_AREA_STYLE_COLOUR('',#2291);
#2260=FILL_AREA_STYLE_COLOUR('',#2291);
#2261=FILL_AREA_STYLE_COLOUR('',#2289);
#2262=FILL_AREA_STYLE_COLOUR('',#2289);
#2263=FILL_AREA_STYLE_COLOUR('',#2289);
#2264=FILL_AREA_STYLE_COLOUR('',#2289);
#2265=FILL_AREA_STYLE_COLOUR('',#2289);
#2266=FILL_AREA_STYLE_COLOUR('',#2289);
#2267=FILL_AREA_STYLE_COLOUR('',#2289);
#2268=FILL_AREA_STYLE_COLOUR('',#2289);
#2269=FILL_AREA_STYLE_COLOUR('',#2289);
#2270=FILL_AREA_STYLE_COLOUR('',#2289);
#2271=FILL_AREA_STYLE_COLOUR('',#2289);
#2272=FILL_AREA_STYLE_COLOUR('',#2289);
#2273=FILL_AREA_STYLE_COLOUR('',#2289);
#2274=FILL_AREA_STYLE_COLOUR('',#2289);
#2275=FILL_AREA_STYLE_COLOUR('',#2289);
#2276=FILL_AREA_STYLE_COLOUR('',#2291);
#2277=FILL_AREA_STYLE_COLOUR('',#2291);
#2278=FILL_AREA_STYLE_COLOUR('',#2291);
#2279=FILL_AREA_STYLE_COLOUR('',#2291);
#2280=FILL_AREA_STYLE_COLOUR('',#2291);
#2281=FILL_AREA_STYLE_COLOUR('',#2292);
#2282=FILL_AREA_STYLE_COLOUR('',#2292);
#2283=FILL_AREA_STYLE_COLOUR('',#2292);
#2284=FILL_AREA_STYLE_COLOUR('',#2292);
#2285=FILL_AREA_STYLE_COLOUR('',#2292);
#2286=COLOUR_RGB('',0.682352941176471,0.333333333333334,0.737254901960784);
#2287=COLOUR_RGB('',0.980392156862745,0.713725490196078,0.00392156862745098);
#2288=COLOUR_RGB('',0.756862745098039,0.462745098039216,0.109803921568627);
#2289=COLOUR_RGB('',0.96078431372549,0.835294117647059,0.470588235294118);
#2290=COLOUR_RGB('',0.125490196078431,0.125490196078431,0.125490196078431);
#2291=COLOUR_RGB('',0.43921568627451,0.474509803921569,0.501960784313726);
#2292=COLOUR_RGB('',0.737254901960784,0.937254901960784,0.917647058823529);
#2293=MANIFOLD_SOLID_BREP('SPS26_5V5A',#1798);
#2294=SHAPE_DEFINITION_REPRESENTATION(#3370,#2295);
#2295=SHAPE_REPRESENTATION('SPS26_5V5A',(#2296),#3365);
#2296=AXIS2_PLACEMENT_3D('',#2890,#2434,#2435);
#2297=AXIS2_PLACEMENT_3D('',#2891,#2436,#2437);
#2298=AXIS2_PLACEMENT_3D('',#2892,#2438,#2439);
#2299=AXIS2_PLACEMENT_3D('',#2894,#2440,#2441);
#2300=AXIS2_PLACEMENT_3D('',#2896,#2442,#2443);
#2301=AXIS2_PLACEMENT_3D('',#2897,#2444,#2445);
#2302=AXIS2_PLACEMENT_3D('',#2899,#2446,#2447);
#2303=AXIS2_PLACEMENT_3D('',#2901,#2448,#2449);
#2304=AXIS2_PLACEMENT_3D('',#2902,#2450,#2451);
#2305=AXIS2_PLACEMENT_3D('',#2904,#2452,#2453);
#2306=AXIS2_PLACEMENT_3D('',#2906,#2454,#2455);
#2307=AXIS2_PLACEMENT_3D('',#2907,#2456,#2457);
#2308=AXIS2_PLACEMENT_3D('',#2909,#2458,#2459);
#2309=AXIS2_PLACEMENT_3D('',#2911,#2460,#2461);
#2310=AXIS2_PLACEMENT_3D('',#2912,#2462,#2463);
#2311=AXIS2_PLACEMENT_3D('',#2914,#2464,#2465);
#2312=AXIS2_PLACEMENT_3D('',#2916,#2466,#2467);
#2313=AXIS2_PLACEMENT_3D('',#2917,#2468,#2469);
#2314=AXIS2_PLACEMENT_3D('',#2919,#2470,#2471);
#2315=AXIS2_PLACEMENT_3D('',#2921,#2472,#2473);
#2316=AXIS2_PLACEMENT_3D('',#2922,#2474,#2475);
#2317=AXIS2_PLACEMENT_3D('',#2924,#2476,#2477);
#2318=AXIS2_PLACEMENT_3D('',#2926,#2478,#2479);
#2319=AXIS2_PLACEMENT_3D('',#2927,#2480,#2481);
#2320=AXIS2_PLACEMENT_3D('',#2929,#2482,#2483);
#2321=AXIS2_PLACEMENT_3D('',#2931,#2484,#2485);
#2322=AXIS2_PLACEMENT_3D('',#2932,#2486,#2487);
#2323=AXIS2_PLACEMENT_3D('',#2937,#2489,#2490);
#2324=AXIS2_PLACEMENT_3D('',#2940,#2492,#2493);
#2325=AXIS2_PLACEMENT_3D('',#2941,#2494,#2495);
#2326=AXIS2_PLACEMENT_3D('',#2945,#2497,#2498);
#2327=AXIS2_PLACEMENT_3D('',#2946,#2499,#2500);
#2328=AXIS2_PLACEMENT_3D('',#2952,#2504,#2505);
#2329=AXIS2_PLACEMENT_3D('',#2958,#2509,#2510);
#2330=AXIS2_PLACEMENT_3D('',#2964,#2514,#2515);
#2331=AXIS2_PLACEMENT_3D('',#2965,#2516,#2517);
#2332=AXIS2_PLACEMENT_3D('',#2969,#2519,#2520);
#2333=AXIS2_PLACEMENT_3D('',#2970,#2521,#2522);
#2334=AXIS2_PLACEMENT_3D('',#2971,#2523,#2524);
#2335=AXIS2_PLACEMENT_3D('',#2975,#2526,#2527);
#2336=AXIS2_PLACEMENT_3D('',#2976,#2528,#2529);
#2337=AXIS2_PLACEMENT_3D('',#2977,#2530,#2531);
#2338=AXIS2_PLACEMENT_3D('',#2981,#2533,#2534);
#2339=AXIS2_PLACEMENT_3D('',#2982,#2535,#2536);
#2340=AXIS2_PLACEMENT_3D('',#2988,#2540,#2541);
#2341=AXIS2_PLACEMENT_3D('',#2994,#2545,#2546);
#2342=AXIS2_PLACEMENT_3D('',#3000,#2550,#2551);
#2343=AXIS2_PLACEMENT_3D('',#3001,#2552,#2553);
#2344=AXIS2_PLACEMENT_3D('',#3003,#2554,#2555);
#2345=AXIS2_PLACEMENT_3D('',#3005,#2556,#2557);
#2346=AXIS2_PLACEMENT_3D('',#3006,#2558,#2559);
#2347=AXIS2_PLACEMENT_3D('',#3008,#2560,#2561);
#2348=AXIS2_PLACEMENT_3D('',#3009,#2562,#2563);
#2349=AXIS2_PLACEMENT_3D('',#3011,#2564,#2565);
#2350=AXIS2_PLACEMENT_3D('',#3012,#2566,#2567);
#2351=AXIS2_PLACEMENT_3D('',#3014,#2568,#2569);
#2352=AXIS2_PLACEMENT_3D('',#3015,#2570,#2571);
#2353=AXIS2_PLACEMENT_3D('',#3017,#2572,#2573);
#2354=AXIS2_PLACEMENT_3D('',#3018,#2574,#2575);
#2355=AXIS2_PLACEMENT_3D('',#3020,#2576,#2577);
#2356=AXIS2_PLACEMENT_3D('',#3021,#2578,#2579);
#2357=AXIS2_PLACEMENT_3D('',#3023,#2580,#2581);
#2358=AXIS2_PLACEMENT_3D('',#3024,#2582,#2583);
#2359=AXIS2_PLACEMENT_3D('',#3026,#2584,#2585);
#2360=AXIS2_PLACEMENT_3D('',#3027,#2586,#2587);
#2361=AXIS2_PLACEMENT_3D('',#3029,#2588,#2589);
#2362=AXIS2_PLACEMENT_3D('',#3030,#2590,#2591);
#2363=AXIS2_PLACEMENT_3D('',#3032,#2592,#2593);
#2364=AXIS2_PLACEMENT_3D('',#3034,#2594,#2595);
#2365=AXIS2_PLACEMENT_3D('',#3035,#2596,#2597);
#2366=AXIS2_PLACEMENT_3D('',#3036,#2598,#2599);
#2367=AXIS2_PLACEMENT_3D('',#3037,#2600,#2601);
#2368=AXIS2_PLACEMENT_3D('',#3142,#2654,#2655);
#2369=AXIS2_PLACEMENT_3D('',#3143,#2656,#2657);
#2370=AXIS2_PLACEMENT_3D('',#3149,#2661,#2662);
#2371=AXIS2_PLACEMENT_3D('',#3153,#2665,#2666);
#2372=AXIS2_PLACEMENT_3D('',#3157,#2669,#2670);
#2373=AXIS2_PLACEMENT_3D('',#3159,#2672,#2673);
#2374=AXIS2_PLACEMENT_3D('',#3160,#2674,#2675);
#2375=AXIS2_PLACEMENT_3D('',#3166,#2679,#2680);
#2376=AXIS2_PLACEMENT_3D('',#3170,#2683,#2684);
#2377=AXIS2_PLACEMENT_3D('',#3174,#2687,#2688);
#2378=AXIS2_PLACEMENT_3D('',#3176,#2690,#2691);
#2379=AXIS2_PLACEMENT_3D('',#3177,#2692,#2693);
#2380=AXIS2_PLACEMENT_3D('',#3183,#2697,#2698);
#2381=AXIS2_PLACEMENT_3D('',#3187,#2701,#2702);
#2382=AXIS2_PLACEMENT_3D('',#3191,#2705,#2706);
#2383=AXIS2_PLACEMENT_3D('',#3193,#2708,#2709);
#2384=AXIS2_PLACEMENT_3D('',#3194,#2710,#2711);
#2385=AXIS2_PLACEMENT_3D('',#3200,#2715,#2716);
#2386=AXIS2_PLACEMENT_3D('',#3204,#2719,#2720);
#2387=AXIS2_PLACEMENT_3D('',#3208,#2723,#2724);
#2388=AXIS2_PLACEMENT_3D('',#3210,#2726,#2727);
#2389=AXIS2_PLACEMENT_3D('',#3211,#2728,#2729);
#2390=AXIS2_PLACEMENT_3D('',#3217,#2733,#2734);
#2391=AXIS2_PLACEMENT_3D('',#3221,#2737,#2738);
#2392=AXIS2_PLACEMENT_3D('',#3225,#2741,#2742);
#2393=AXIS2_PLACEMENT_3D('',#3227,#2744,#2745);
#2394=AXIS2_PLACEMENT_3D('',#3228,#2746,#2747);
#2395=AXIS2_PLACEMENT_3D('',#3234,#2751,#2752);
#2396=AXIS2_PLACEMENT_3D('',#3238,#2755,#2756);
#2397=AXIS2_PLACEMENT_3D('',#3242,#2759,#2760);
#2398=AXIS2_PLACEMENT_3D('',#3244,#2762,#2763);
#2399=AXIS2_PLACEMENT_3D('',#3245,#2764,#2765);
#2400=AXIS2_PLACEMENT_3D('',#3251,#2769,#2770);
#2401=AXIS2_PLACEMENT_3D('',#3255,#2773,#2774);
#2402=AXIS2_PLACEMENT_3D('',#3259,#2777,#2778);
#2403=AXIS2_PLACEMENT_3D('',#3261,#2780,#2781);
#2404=AXIS2_PLACEMENT_3D('',#3262,#2782,#2783);
#2405=AXIS2_PLACEMENT_3D('',#3268,#2787,#2788);
#2406=AXIS2_PLACEMENT_3D('',#3272,#2791,#2792);
#2407=AXIS2_PLACEMENT_3D('',#3276,#2795,#2796);
#2408=AXIS2_PLACEMENT_3D('',#3278,#2798,#2799);
#2409=AXIS2_PLACEMENT_3D('',#3279,#2800,#2801);
#2410=AXIS2_PLACEMENT_3D('',#3285,#2805,#2806);
#2411=AXIS2_PLACEMENT_3D('',#3289,#2809,#2810);
#2412=AXIS2_PLACEMENT_3D('',#3293,#2813,#2814);
#2413=AXIS2_PLACEMENT_3D('',#3295,#2816,#2817);
#2414=AXIS2_PLACEMENT_3D('',#3296,#2818,#2819);
#2415=AXIS2_PLACEMENT_3D('',#3302,#2823,#2824);
#2416=AXIS2_PLACEMENT_3D('',#3306,#2827,#2828);
#2417=AXIS2_PLACEMENT_3D('',#3310,#2831,#2832);
#2418=AXIS2_PLACEMENT_3D('',#3312,#2834,#2835);
#2419=AXIS2_PLACEMENT_3D('',#3313,#2836,#2837);
#2420=AXIS2_PLACEMENT_3D('',#3319,#2841,#2842);
#2421=AXIS2_PLACEMENT_3D('',#3323,#2845,#2846);
#2422=AXIS2_PLACEMENT_3D('',#3327,#2849,#2850);
#2423=AXIS2_PLACEMENT_3D('',#3329,#2852,#2853);
#2424=AXIS2_PLACEMENT_3D('',#3330,#2854,#2855);
#2425=AXIS2_PLACEMENT_3D('',#3336,#2859,#2860);
#2426=AXIS2_PLACEMENT_3D('',#3340,#2863,#2864);
#2427=AXIS2_PLACEMENT_3D('',#3344,#2867,#2868);
#2428=AXIS2_PLACEMENT_3D('',#3346,#2870,#2871);
#2429=AXIS2_PLACEMENT_3D('',#3347,#2872,#2873);
#2430=AXIS2_PLACEMENT_3D('',#3353,#2877,#2878);
#2431=AXIS2_PLACEMENT_3D('',#3357,#2881,#2882);
#2432=AXIS2_PLACEMENT_3D('',#3361,#2885,#2886);
#2433=AXIS2_PLACEMENT_3D('',#3363,#2888,#2889);
#2434=DIRECTION('',(0.,0.,1.));
#2435=DIRECTION('',(1.,0.,0.));
#2436=DIRECTION('',(0.,0.,1.));
#2437=DIRECTION('',(1.,0.,0.));
#2438=DIRECTION('',(0.,0.,1.));
#2439=DIRECTION('',(1.,0.,0.));
#2440=DIRECTION('',(0.,0.,1.));
#2441=DIRECTION('',(1.,0.,0.));
#2442=DIRECTION('',(0.,0.,1.));
#2443=DIRECTION('',(1.,0.,0.));
#2444=DIRECTION('',(0.,0.,1.));
#2445=DIRECTION('',(1.,0.,0.));
#2446=DIRECTION('',(0.,0.,1.));
#2447=DIRECTION('',(1.,0.,0.));
#2448=DIRECTION('',(0.,0.,1.));
#2449=DIRECTION('',(1.,0.,0.));
#2450=DIRECTION('',(0.,0.,-1.));
#2451=DIRECTION('',(1.,0.,0.));
#2452=DIRECTION('',(0.,0.,1.));
#2453=DIRECTION('',(1.,0.,0.));
#2454=DIRECTION('',(0.,0.,1.));
#2455=DIRECTION('',(1.,0.,0.));
#2456=DIRECTION('',(0.,0.,-1.));
#2457=DIRECTION('',(1.,0.,0.));
#2458=DIRECTION('',(0.,0.,1.));
#2459=DIRECTION('',(1.,0.,0.));
#2460=DIRECTION('',(0.,0.,1.));
#2461=DIRECTION('',(1.,0.,0.));
#2462=DIRECTION('',(0.,0.,1.));
#2463=DIRECTION('',(1.,0.,0.));
#2464=DIRECTION('',(0.,0.,1.));
#2465=DIRECTION('',(1.,0.,0.));
#2466=DIRECTION('',(0.,0.,1.));
#2467=DIRECTION('',(1.,0.,0.));
#2468=DIRECTION('',(0.,0.,1.));
#2469=DIRECTION('',(1.,0.,0.));
#2470=DIRECTION('',(0.,0.,1.));
#2471=DIRECTION('',(1.,0.,0.));
#2472=DIRECTION('',(0.,0.,1.));
#2473=DIRECTION('',(1.,0.,0.));
#2474=DIRECTION('',(0.,0.,-1.));
#2475=DIRECTION('',(1.,0.,0.));
#2476=DIRECTION('',(0.,0.,1.));
#2477=DIRECTION('',(1.,0.,0.));
#2478=DIRECTION('',(0.,0.,1.));
#2479=DIRECTION('',(1.,0.,0.));
#2480=DIRECTION('',(0.,0.,-1.));
#2481=DIRECTION('',(1.,0.,0.));
#2482=DIRECTION('',(0.,0.,1.));
#2483=DIRECTION('',(1.,0.,0.));
#2484=DIRECTION('',(0.,0.,-1.));
#2485=DIRECTION('',(-1.,0.,0.));
#2486=DIRECTION('',(0.,0.,-1.));
#2487=DIRECTION('',(1.,0.,0.));
#2488=DIRECTION('',(0.,0.,-1.));
#2489=DIRECTION('',(0.,0.,-1.));
#2490=DIRECTION('',(1.,0.,0.));
#2491=DIRECTION('',(0.,0.,-1.));
#2492=DIRECTION('',(0.,0.,-1.));
#2493=DIRECTION('',(-1.,0.,0.));
#2494=DIRECTION('',(0.,0.,-1.));
#2495=DIRECTION('',(1.,0.,0.));
#2496=DIRECTION('',(0.,0.,-1.));
#2497=DIRECTION('',(0.,0.,-1.));
#2498=DIRECTION('',(1.,0.,0.));
#2499=DIRECTION('',(1.23908819712629E-16,1.,0.));
#2500=DIRECTION('',(-1.,1.23908819712629E-16,0.));
#2501=DIRECTION('',(1.,-1.23908819712629E-16,0.));
#2502=DIRECTION('',(0.,0.,-1.));
#2503=DIRECTION('',(1.,-1.23908819712629E-16,0.));
#2504=DIRECTION('',(1.,0.,0.));
#2505=DIRECTION('',(0.,0.,-1.));
#2506=DIRECTION('',(0.,-1.,0.));
#2507=DIRECTION('',(0.,0.,-1.));
#2508=DIRECTION('',(0.,-1.,0.));
#2509=DIRECTION('',(1.23908819712629E-16,1.,0.));
#2510=DIRECTION('',(-1.,1.23908819712629E-16,0.));
#2511=DIRECTION('',(1.,-1.23908819712629E-16,0.));
#2512=DIRECTION('',(0.,0.,-1.));
#2513=DIRECTION('',(1.,-1.23908819712629E-16,0.));
#2514=DIRECTION('',(0.,0.,-1.));
#2515=DIRECTION('',(-1.,0.,0.));
#2516=DIRECTION('',(0.,0.,1.));
#2517=DIRECTION('',(1.,0.,0.));
#2518=DIRECTION('',(0.,0.,-1.));
#2519=DIRECTION('',(0.,0.,1.));
#2520=DIRECTION('',(1.,0.,0.));
#2521=DIRECTION('',(0.,0.,-1.));
#2522=DIRECTION('',(-1.,0.,0.));
#2523=DIRECTION('',(0.,0.,1.));
#2524=DIRECTION('',(1.,0.,0.));
#2525=DIRECTION('',(0.,0.,-1.));
#2526=DIRECTION('',(0.,0.,1.));
#2527=DIRECTION('',(1.,0.,0.));
#2528=DIRECTION('',(0.,0.,-1.));
#2529=DIRECTION('',(-1.,0.,0.));
#2530=DIRECTION('',(0.,0.,-1.));
#2531=DIRECTION('',(1.,0.,0.));
#2532=DIRECTION('',(0.,0.,-1.));
#2533=DIRECTION('',(0.,0.,-1.));
#2534=DIRECTION('',(1.,0.,0.));
#2535=DIRECTION('',(1.23908819712629E-16,1.,0.));
#2536=DIRECTION('',(-1.,1.23908819712629E-16,0.));
#2537=DIRECTION('',(1.,-1.23908819712629E-16,0.));
#2538=DIRECTION('',(0.,0.,-1.));
#2539=DIRECTION('',(1.,-1.23908819712629E-16,0.));
#2540=DIRECTION('',(1.,0.,0.));
#2541=DIRECTION('',(0.,0.,-1.));
#2542=DIRECTION('',(0.,-1.,0.));
#2543=DIRECTION('',(0.,0.,-1.));
#2544=DIRECTION('',(0.,-1.,0.));
#2545=DIRECTION('',(1.23908819712629E-16,1.,0.));
#2546=DIRECTION('',(-1.,1.23908819712629E-16,0.));
#2547=DIRECTION('',(1.,-1.23908819712629E-16,0.));
#2548=DIRECTION('',(0.,0.,-1.));
#2549=DIRECTION('',(1.,-1.23908819712629E-16,0.));
#2550=DIRECTION('',(0.,0.,-1.));
#2551=DIRECTION('',(-1.,0.,0.));
#2552=DIRECTION('',(0.,0.,1.));
#2553=DIRECTION('',(1.,0.,0.));
#2554=DIRECTION('',(0.,0.,1.));
#2555=DIRECTION('',(1.,0.,0.));
#2556=DIRECTION('',(0.,0.,-1.));
#2557=DIRECTION('',(-1.,0.,0.));
#2558=DIRECTION('',(0.,0.,-1.));
#2559=DIRECTION('',(1.,0.,0.));
#2560=DIRECTION('',(0.,0.,-1.));
#2561=DIRECTION('',(-1.,0.,0.));
#2562=DIRECTION('',(0.,0.,-1.));
#2563=DIRECTION('',(1.,0.,0.));
#2564=DIRECTION('',(0.,0.,-1.));
#2565=DIRECTION('',(-1.,0.,0.));
#2566=DIRECTION('',(0.,0.,1.));
#2567=DIRECTION('',(1.,0.,0.));
#2568=DIRECTION('',(0.,0.,-1.));
#2569=DIRECTION('',(-1.,0.,0.));
#2570=DIRECTION('',(0.,0.,1.));
#2571=DIRECTION('',(1.,0.,0.));
#2572=DIRECTION('',(0.,0.,-1.));
#2573=DIRECTION('',(-1.,0.,0.));
#2574=DIRECTION('',(0.,0.,-1.));
#2575=DIRECTION('',(1.,0.,0.));
#2576=DIRECTION('',(0.,0.,-1.));
#2577=DIRECTION('',(-1.,0.,0.));
#2578=DIRECTION('',(0.,0.,-1.));
#2579=DIRECTION('',(1.,0.,0.));
#2580=DIRECTION('',(0.,0.,-1.));
#2581=DIRECTION('',(-1.,0.,0.));
#2582=DIRECTION('',(0.,0.,1.));
#2583=DIRECTION('',(1.,0.,0.));
#2584=DIRECTION('',(0.,0.,-1.));
#2585=DIRECTION('',(-1.,0.,0.));
#2586=DIRECTION('',(0.,0.,1.));
#2587=DIRECTION('',(1.,0.,0.));
#2588=DIRECTION('',(0.,0.,-1.));
#2589=DIRECTION('',(-1.,0.,0.));
#2590=DIRECTION('',(0.,0.,-1.));
#2591=DIRECTION('',(1.,0.,0.));
#2592=DIRECTION('',(0.,0.,-1.));
#2593=DIRECTION('',(1.,0.,0.));
#2594=DIRECTION('',(0.,0.,-1.));
#2595=DIRECTION('',(-1.,0.,0.));
#2596=DIRECTION('',(0.,0.,1.));
#2597=DIRECTION('',(1.,0.,0.));
#2598=DIRECTION('',(0.,0.,1.));
#2599=DIRECTION('',(1.,0.,0.));
#2600=DIRECTION('',(0.,0.,1.));
#2601=DIRECTION('',(1.,0.,0.));
#2602=DIRECTION('',(-1.,0.,0.));
#2603=DIRECTION('',(0.,1.,0.));
#2604=DIRECTION('',(-1.,0.,0.));
#2605=DIRECTION('',(0.,1.,0.));
#2606=DIRECTION('',(-1.,0.,0.));
#2607=DIRECTION('',(0.,1.,0.));
#2608=DIRECTION('',(-1.,0.,0.));
#2609=DIRECTION('',(1.86347248395946E-16,1.,0.));
#2610=DIRECTION('',(-1.,0.,0.));
#2611=DIRECTION('',(0.,1.,0.));
#2612=DIRECTION('',(-1.,0.,0.));
#2613=DIRECTION('',(1.86347248395946E-16,1.,0.));
#2614=DIRECTION('',(-1.,0.,0.));
#2615=DIRECTION('',(0.,1.,0.));
#2616=DIRECTION('',(-1.,0.,0.));
#2617=DIRECTION('',(0.,1.,0.));
#2618=DIRECTION('',(-1.,0.,0.));
#2619=DIRECTION('',(0.,1.,0.));
#2620=DIRECTION('',(-1.,-1.35525271560688E-16,0.));
#2621=DIRECTION('',(0.,1.,0.));
#2622=DIRECTION('',(-1.,0.,0.));
#2623=DIRECTION('',(-5.42101086242752E-16,1.,0.));
#2624=DIRECTION('',(-1.,0.,0.));
#2625=DIRECTION('',(-3.66341749687485E-16,1.,0.));
#2626=DIRECTION('',(-1.,0.,0.));
#2627=DIRECTION('',(1.35525271560688E-16,1.,0.));
#2628=DIRECTION('',(-1.,0.,0.));
#2629=DIRECTION('',(0.,1.,0.));
#2630=DIRECTION('',(-1.,0.,0.));
#2631=DIRECTION('',(0.,1.,0.));
#2632=DIRECTION('',(-1.,0.,0.));
#2633=DIRECTION('',(1.8422966602781E-16,1.,0.));
#2634=DIRECTION('',(-1.,1.96087341494427E-16,0.));
#2635=DIRECTION('',(0.,1.,0.));
#2636=DIRECTION('',(-1.,0.,0.));
#2637=DIRECTION('',(0.,1.,0.));
#2638=DIRECTION('',(-7.2280144832367E-17,-1.,0.));
#2639=DIRECTION('',(-1.,2.89120579329468E-16,0.));
#2640=DIRECTION('',(0.,-1.,0.));
#2641=DIRECTION('',(-1.,2.89120579329468E-16,0.));
#2642=DIRECTION('',(-1.,0.,0.));
#2643=DIRECTION('',(0.,1.,0.));
#2644=DIRECTION('',(-1.,0.,0.));
#2645=DIRECTION('',(0.,1.,0.));
#2646=DIRECTION('',(-1.,0.,0.));
#2647=DIRECTION('',(0.,1.,0.));
#2648=DIRECTION('',(-1.,0.,0.));
#2649=DIRECTION('',(0.,1.,0.));
#2650=DIRECTION('',(-1.,-8.18265790555098E-17,0.));
#2651=DIRECTION('',(7.88510670898549E-17,1.,0.));
#2652=DIRECTION('',(-1.,-1.63653158111019E-16,0.));
#2653=DIRECTION('',(0.,1.,0.));
#2654=DIRECTION('',(0.,0.,1.));
#2655=DIRECTION('',(1.,0.,0.));
#2656=DIRECTION('',(8.18265790555098E-17,-1.,0.));
#2657=DIRECTION('',(1.,8.18265790555098E-17,0.));
#2658=DIRECTION('',(0.,0.,-1.));
#2659=DIRECTION('',(-1.,-8.18265790555098E-17,0.));
#2660=DIRECTION('',(0.,0.,-1.));
#2661=DIRECTION('',(-1.,0.,0.));
#2662=DIRECTION('',(0.,0.,1.));
#2663=DIRECTION('',(0.,0.,-1.));
#2664=DIRECTION('',(0.,1.,0.));
#2665=DIRECTION('',(1.63653158111019E-16,-1.,0.));
#2666=DIRECTION('',(1.,1.63653158111019E-16,0.));
#2667=DIRECTION('',(0.,0.,-1.));
#2668=DIRECTION('',(-1.,-1.63653158111019E-16,0.));
#2669=DIRECTION('',(-1.,7.88510670898549E-17,0.));
#2670=DIRECTION('',(-7.88510670898549E-17,-1.,0.));
#2671=DIRECTION('',(7.88510670898549E-17,1.,0.));
#2672=DIRECTION('',(0.,0.,1.));
#2673=DIRECTION('',(1.,0.,0.));
#2674=DIRECTION('',(0.,-1.,0.));
#2675=DIRECTION('',(0.,0.,-1.));
#2676=DIRECTION('',(0.,0.,-1.));
#2677=DIRECTION('',(-1.,0.,0.));
#2678=DIRECTION('',(0.,0.,-1.));
#2679=DIRECTION('',(-1.,0.,0.));
#2680=DIRECTION('',(0.,0.,1.));
#2681=DIRECTION('',(0.,0.,-1.));
#2682=DIRECTION('',(0.,1.,0.));
#2683=DIRECTION('',(0.,-1.,0.));
#2684=DIRECTION('',(0.,0.,-1.));
#2685=DIRECTION('',(0.,0.,-1.));
#2686=DIRECTION('',(-1.,0.,0.));
#2687=DIRECTION('',(-1.,0.,0.));
#2688=DIRECTION('',(0.,0.,1.));
#2689=DIRECTION('',(0.,1.,0.));
#2690=DIRECTION('',(0.,0.,1.));
#2691=DIRECTION('',(1.,0.,0.));
#2692=DIRECTION('',(0.,-1.,0.));
#2693=DIRECTION('',(0.,0.,-1.));
#2694=DIRECTION('',(0.,0.,-1.));
#2695=DIRECTION('',(-1.,0.,0.));
#2696=DIRECTION('',(0.,0.,-1.));
#2697=DIRECTION('',(-1.,0.,0.));
#2698=DIRECTION('',(0.,0.,1.));
#2699=DIRECTION('',(0.,0.,-1.));
#2700=DIRECTION('',(0.,1.,0.));
#2701=DIRECTION('',(0.,-1.,0.));
#2702=DIRECTION('',(0.,0.,-1.));
#2703=DIRECTION('',(0.,0.,-1.));
#2704=DIRECTION('',(-1.,0.,0.));
#2705=DIRECTION('',(-1.,0.,0.));
#2706=DIRECTION('',(0.,0.,1.));
#2707=DIRECTION('',(0.,1.,0.));
#2708=DIRECTION('',(0.,0.,1.));
#2709=DIRECTION('',(1.,0.,0.));
#2710=DIRECTION('',(1.,-7.2280144832367E-17,0.));
#2711=DIRECTION('',(7.2280144832367E-17,1.,0.));
#2712=DIRECTION('',(0.,0.,-1.));
#2713=DIRECTION('',(-7.2280144832367E-17,-1.,0.));
#2714=DIRECTION('',(0.,0.,-1.));
#2715=DIRECTION('',(-2.89120579329468E-16,-1.,0.));
#2716=DIRECTION('',(1.,-2.89120579329468E-16,0.));
#2717=DIRECTION('',(0.,0.,-1.));
#2718=DIRECTION('',(-1.,2.89120579329468E-16,0.));
#2719=DIRECTION('',(1.,0.,0.));
#2720=DIRECTION('',(0.,0.,-1.));
#2721=DIRECTION('',(0.,0.,-1.));
#2722=DIRECTION('',(0.,-1.,0.));
#2723=DIRECTION('',(-2.89120579329468E-16,-1.,0.));
#2724=DIRECTION('',(1.,-2.89120579329468E-16,0.));
#2725=DIRECTION('',(-1.,2.89120579329468E-16,0.));
#2726=DIRECTION('',(0.,0.,1.));
#2727=DIRECTION('',(1.,0.,0.));
#2728=DIRECTION('',(-1.96087341494427E-16,-1.,0.));
#2729=DIRECTION('',(1.,-1.96087341494427E-16,0.));
#2730=DIRECTION('',(0.,0.,-1.));
#2731=DIRECTION('',(-1.,1.96087341494427E-16,0.));
#2732=DIRECTION('',(0.,0.,-1.));
#2733=DIRECTION('',(-1.,0.,0.));
#2734=DIRECTION('',(0.,0.,1.));
#2735=DIRECTION('',(0.,0.,-1.));
#2736=DIRECTION('',(0.,1.,0.));
#2737=DIRECTION('',(0.,-1.,0.));
#2738=DIRECTION('',(0.,0.,-1.));
#2739=DIRECTION('',(0.,0.,-1.));
#2740=DIRECTION('',(-1.,0.,0.));
#2741=DIRECTION('',(-1.,0.,0.));
#2742=DIRECTION('',(0.,0.,1.));
#2743=DIRECTION('',(0.,1.,0.));
#2744=DIRECTION('',(0.,0.,1.));
#2745=DIRECTION('',(1.,0.,0.));
#2746=DIRECTION('',(0.,-1.,0.));
#2747=DIRECTION('',(0.,0.,-1.));
#2748=DIRECTION('',(0.,0.,-1.));
#2749=DIRECTION('',(-1.,0.,0.));
#2750=DIRECTION('',(0.,0.,-1.));
#2751=DIRECTION('',(-1.,1.8422966602781E-16,0.));
#2752=DIRECTION('',(-1.8422966602781E-16,-1.,0.));
#2753=DIRECTION('',(0.,0.,-1.));
#2754=DIRECTION('',(1.8422966602781E-16,1.,0.));
#2755=DIRECTION('',(0.,-1.,0.));
#2756=DIRECTION('',(0.,0.,-1.));
#2757=DIRECTION('',(0.,0.,-1.));
#2758=DIRECTION('',(-1.,0.,0.));
#2759=DIRECTION('',(-1.,0.,0.));
#2760=DIRECTION('',(0.,0.,1.));
#2761=DIRECTION('',(0.,1.,0.));
#2762=DIRECTION('',(0.,0.,1.));
#2763=DIRECTION('',(1.,0.,0.));
#2764=DIRECTION('',(0.,-1.,0.));
#2765=DIRECTION('',(0.,0.,-1.));
#2766=DIRECTION('',(0.,0.,-1.));
#2767=DIRECTION('',(-1.,0.,0.));
#2768=DIRECTION('',(0.,0.,-1.));
#2769=DIRECTION('',(-1.,0.,0.));
#2770=DIRECTION('',(0.,0.,1.));
#2771=DIRECTION('',(0.,0.,-1.));
#2772=DIRECTION('',(0.,1.,0.));
#2773=DIRECTION('',(0.,-1.,0.));
#2774=DIRECTION('',(0.,0.,-1.));
#2775=DIRECTION('',(0.,0.,-1.));
#2776=DIRECTION('',(-1.,0.,0.));
#2777=DIRECTION('',(-1.,1.35525271560688E-16,0.));
#2778=DIRECTION('',(-1.35525271560688E-16,-1.,0.));
#2779=DIRECTION('',(1.35525271560688E-16,1.,0.));
#2780=DIRECTION('',(0.,0.,1.));
#2781=DIRECTION('',(1.,0.,0.));
#2782=DIRECTION('',(0.,-1.,0.));
#2783=DIRECTION('',(0.,0.,-1.));
#2784=DIRECTION('',(0.,0.,-1.));
#2785=DIRECTION('',(-1.,0.,0.));
#2786=DIRECTION('',(0.,0.,-1.));
#2787=DIRECTION('',(-1.,-3.66341749687485E-16,0.));
#2788=DIRECTION('',(3.66341749687485E-16,-1.,0.));
#2789=DIRECTION('',(0.,0.,-1.));
#2790=DIRECTION('',(-3.66341749687485E-16,1.,0.));
#2791=DIRECTION('',(0.,-1.,0.));
#2792=DIRECTION('',(0.,0.,-1.));
#2793=DIRECTION('',(0.,0.,-1.));
#2794=DIRECTION('',(-1.,0.,0.));
#2795=DIRECTION('',(-1.,-5.42101086242752E-16,0.));
#2796=DIRECTION('',(5.42101086242752E-16,-1.,0.));
#2797=DIRECTION('',(-5.42101086242752E-16,1.,0.));
#2798=DIRECTION('',(0.,0.,1.));
#2799=DIRECTION('',(1.,0.,0.));
#2800=DIRECTION('',(0.,-1.,0.));
#2801=DIRECTION('',(0.,0.,-1.));
#2802=DIRECTION('',(0.,0.,-1.));
#2803=DIRECTION('',(-1.,0.,0.));
#2804=DIRECTION('',(0.,0.,-1.));
#2805=DIRECTION('',(-1.,0.,0.));
#2806=DIRECTION('',(0.,0.,1.));
#2807=DIRECTION('',(0.,0.,-1.));
#2808=DIRECTION('',(0.,1.,0.));
#2809=DIRECTION('',(1.35525271560688E-16,-1.,0.));
#2810=DIRECTION('',(1.,1.35525271560688E-16,0.));
#2811=DIRECTION('',(0.,0.,-1.));
#2812=DIRECTION('',(-1.,-1.35525271560688E-16,0.));
#2813=DIRECTION('',(-1.,0.,0.));
#2814=DIRECTION('',(0.,0.,1.));
#2815=DIRECTION('',(0.,1.,0.));
#2816=DIRECTION('',(0.,0.,1.));
#2817=DIRECTION('',(1.,0.,0.));
#2818=DIRECTION('',(0.,-1.,0.));
#2819=DIRECTION('',(0.,0.,-1.));
#2820=DIRECTION('',(0.,0.,-1.));
#2821=DIRECTION('',(-1.,0.,0.));
#2822=DIRECTION('',(0.,0.,-1.));
#2823=DIRECTION('',(-1.,0.,0.));
#2824=DIRECTION('',(0.,0.,1.));
#2825=DIRECTION('',(0.,0.,-1.));
#2826=DIRECTION('',(0.,1.,0.));
#2827=DIRECTION('',(0.,-1.,0.));
#2828=DIRECTION('',(0.,0.,-1.));
#2829=DIRECTION('',(0.,0.,-1.));
#2830=DIRECTION('',(-1.,0.,0.));
#2831=DIRECTION('',(-1.,0.,0.));
#2832=DIRECTION('',(0.,0.,1.));
#2833=DIRECTION('',(0.,1.,0.));
#2834=DIRECTION('',(0.,0.,1.));
#2835=DIRECTION('',(1.,0.,0.));
#2836=DIRECTION('',(0.,-1.,0.));
#2837=DIRECTION('',(0.,0.,-1.));
#2838=DIRECTION('',(0.,0.,-1.));
#2839=DIRECTION('',(-1.,0.,0.));
#2840=DIRECTION('',(0.,0.,-1.));
#2841=DIRECTION('',(-1.,1.86347248395946E-16,0.));
#2842=DIRECTION('',(-1.86347248395946E-16,-1.,0.));
#2843=DIRECTION('',(0.,0.,-1.));
#2844=DIRECTION('',(1.86347248395946E-16,1.,0.));
#2845=DIRECTION('',(0.,-1.,0.));
#2846=DIRECTION('',(0.,0.,-1.));
#2847=DIRECTION('',(0.,0.,-1.));
#2848=DIRECTION('',(-1.,0.,0.));
#2849=DIRECTION('',(-1.,0.,0.));
#2850=DIRECTION('',(0.,0.,1.));
#2851=DIRECTION('',(0.,1.,0.));
#2852=DIRECTION('',(0.,0.,1.));
#2853=DIRECTION('',(1.,0.,0.));
#2854=DIRECTION('',(0.,-1.,0.));
#2855=DIRECTION('',(0.,0.,-1.));
#2856=DIRECTION('',(0.,0.,-1.));
#2857=DIRECTION('',(-1.,0.,0.));
#2858=DIRECTION('',(0.,0.,-1.));
#2859=DIRECTION('',(-1.,1.86347248395946E-16,0.));
#2860=DIRECTION('',(-1.86347248395946E-16,-1.,0.));
#2861=DIRECTION('',(0.,0.,-1.));
#2862=DIRECTION('',(1.86347248395946E-16,1.,0.));
#2863=DIRECTION('',(0.,-1.,0.));
#2864=DIRECTION('',(0.,0.,-1.));
#2865=DIRECTION('',(0.,0.,-1.));
#2866=DIRECTION('',(-1.,0.,0.));
#2867=DIRECTION('',(-1.,0.,0.));
#2868=DIRECTION('',(0.,0.,1.));
#2869=DIRECTION('',(0.,1.,0.));
#2870=DIRECTION('',(0.,0.,1.));
#2871=DIRECTION('',(1.,0.,0.));
#2872=DIRECTION('',(0.,-1.,0.));
#2873=DIRECTION('',(0.,0.,-1.));
#2874=DIRECTION('',(0.,0.,-1.));
#2875=DIRECTION('',(-1.,0.,0.));
#2876=DIRECTION('',(0.,0.,-1.));
#2877=DIRECTION('',(-1.,0.,0.));
#2878=DIRECTION('',(0.,0.,1.));
#2879=DIRECTION('',(0.,0.,-1.));
#2880=DIRECTION('',(0.,1.,0.));
#2881=DIRECTION('',(0.,-1.,0.));
#2882=DIRECTION('',(0.,0.,-1.));
#2883=DIRECTION('',(0.,0.,-1.));
#2884=DIRECTION('',(-1.,0.,0.));
#2885=DIRECTION('',(-1.,0.,0.));
#2886=DIRECTION('',(0.,0.,1.));
#2887=DIRECTION('',(0.,1.,0.));
#2888=DIRECTION('',(0.,0.,1.));
#2889=DIRECTION('',(1.,0.,0.));
#2890=CARTESIAN_POINT('',(0.,0.,0.));
#2891=CARTESIAN_POINT('',(0.,0.,0.0016));
#2892=CARTESIAN_POINT('',(0.00533,-0.00507,0.0016));
#2893=CARTESIAN_POINT('',(0.00583,-0.00507,0.0016));
#2894=CARTESIAN_POINT('',(0.00533,-0.00507,0.0016));
#2895=CARTESIAN_POINT('',(0.00633,-0.00507,0.0016));
#2896=CARTESIAN_POINT('',(0.,0.,0.0016));
#2897=CARTESIAN_POINT('',(0.00787,-0.00507,0.0016));
#2898=CARTESIAN_POINT('',(0.00837,-0.00507,0.0016));
#2899=CARTESIAN_POINT('',(0.00787,-0.00507,0.0016));
#2900=CARTESIAN_POINT('',(0.00887,-0.00507,0.0016));
#2901=CARTESIAN_POINT('',(0.,0.,0.0016));
#2902=CARTESIAN_POINT('',(0.00787,0.00507,0.0016));
#2903=CARTESIAN_POINT('',(0.00837,0.00507,0.0016));
#2904=CARTESIAN_POINT('',(0.00787,0.00507,0.0016));
#2905=CARTESIAN_POINT('',(0.00887,0.00507,0.0016));
#2906=CARTESIAN_POINT('',(0.,0.,0.0016));
#2907=CARTESIAN_POINT('',(0.00533,0.00507,0.0016));
#2908=CARTESIAN_POINT('',(0.00583,0.00507,0.0016));
#2909=CARTESIAN_POINT('',(0.00533,0.00507,0.0016));
#2910=CARTESIAN_POINT('',(0.00633,0.00507,0.0016));
#2911=CARTESIAN_POINT('',(0.,0.,0.0016));
#2912=CARTESIAN_POINT('',(-0.00787,0.00507,0.0016));
#2913=CARTESIAN_POINT('',(-0.00737,0.00507,0.0016));
#2914=CARTESIAN_POINT('',(-0.00787,0.00507,0.0016));
#2915=CARTESIAN_POINT('',(-0.00687,0.00507,0.0016));
#2916=CARTESIAN_POINT('',(0.,0.,0.0016));
#2917=CARTESIAN_POINT('',(-0.00533,0.00507,0.0016));
#2918=CARTESIAN_POINT('',(-0.00483,0.00507,0.0016));
#2919=CARTESIAN_POINT('',(-0.00533,0.00507,0.0016));
#2920=CARTESIAN_POINT('',(-0.00433,0.00507,0.0016));
#2921=CARTESIAN_POINT('',(0.,0.,0.0016));
#2922=CARTESIAN_POINT('',(-0.00533,-0.00507,0.0016));
#2923=CARTESIAN_POINT('',(-0.00483,-0.00507,0.0016));
#2924=CARTESIAN_POINT('',(-0.00533,-0.00507,0.0016));
#2925=CARTESIAN_POINT('',(-0.00433,-0.00507,0.0016));
#2926=CARTESIAN_POINT('',(0.,0.,0.0016));
#2927=CARTESIAN_POINT('',(-0.00787,-0.00507,0.0016));
#2928=CARTESIAN_POINT('',(-0.00737,-0.00507,0.0016));
#2929=CARTESIAN_POINT('',(-0.00787,-0.00507,0.0016));
#2930=CARTESIAN_POINT('',(-0.00687,-0.00507,0.0016));
#2931=CARTESIAN_POINT('',(0.,0.008,0.0016));
#2932=CARTESIAN_POINT('',(0.,0.008,0.));
#2933=CARTESIAN_POINT('',(-0.0015,0.008,0.));
#2934=CARTESIAN_POINT('',(0.0015,0.008,0.));
#2935=CARTESIAN_POINT('',(-0.0015,0.008,0.0016));
#2936=CARTESIAN_POINT('',(-0.0015,0.008,0.0016));
#2937=CARTESIAN_POINT('',(0.,0.008,0.0016));
#2938=CARTESIAN_POINT('',(0.0015,0.008,0.0016));
#2939=CARTESIAN_POINT('',(0.0015,0.008,0.0016));
#2940=CARTESIAN_POINT('',(-0.0025,0.008,0.0016));
#2941=CARTESIAN_POINT('',(-0.0025,0.008,0.));
#2942=CARTESIAN_POINT('',(-0.0025,0.007,0.));
#2943=CARTESIAN_POINT('',(-0.0025,0.007,0.0016));
#2944=CARTESIAN_POINT('',(-0.0025,0.007,0.0016));
#2945=CARTESIAN_POINT('',(-0.0025,0.008,0.0016));
#2946=CARTESIAN_POINT('',(-0.006,0.007,0.0016));
#2947=CARTESIAN_POINT('',(-0.006,0.007,0.));
#2948=CARTESIAN_POINT('',(-0.0095,0.007,0.));
#2949=CARTESIAN_POINT('',(-0.0095,0.007,0.0016));
#2950=CARTESIAN_POINT('',(-0.0095,0.007,0.0016));
#2951=CARTESIAN_POINT('',(-0.006,0.007,0.0016));
#2952=CARTESIAN_POINT('',(-0.0095,-4.33680868994202E-19,0.0016));
#2953=CARTESIAN_POINT('',(-0.0095,-4.33680868994202E-19,0.));
#2954=CARTESIAN_POINT('',(-0.0095,-0.007,0.));
#2955=CARTESIAN_POINT('',(-0.0095,-0.007,0.0016));
#2956=CARTESIAN_POINT('',(-0.0095,-0.007,0.0016));
#2957=CARTESIAN_POINT('',(-0.0095,-4.33680868994202E-19,0.0016));
#2958=CARTESIAN_POINT('',(-0.006,-0.007,0.0016));
#2959=CARTESIAN_POINT('',(-0.006,-0.007,0.));
#2960=CARTESIAN_POINT('',(-0.0025,-0.007,0.));
#2961=CARTESIAN_POINT('',(-0.0025,-0.007,0.0016));
#2962=CARTESIAN_POINT('',(-0.0025,-0.007,0.0016));
#2963=CARTESIAN_POINT('',(-0.006,-0.007,0.0016));
#2964=CARTESIAN_POINT('',(-0.0025,-0.008,0.0016));
#2965=CARTESIAN_POINT('',(-0.0025,-0.008,0.));
#2966=CARTESIAN_POINT('',(-0.0015,-0.008,0.));
#2967=CARTESIAN_POINT('',(-0.0015,-0.008,0.0016));
#2968=CARTESIAN_POINT('',(-0.0015,-0.008,0.0016));
#2969=CARTESIAN_POINT('',(-0.0025,-0.008,0.0016));
#2970=CARTESIAN_POINT('',(0.,-0.008,0.0016));
#2971=CARTESIAN_POINT('',(0.,-0.008,0.));
#2972=CARTESIAN_POINT('',(0.0015,-0.008,0.));
#2973=CARTESIAN_POINT('',(0.0015,-0.008,0.0016));
#2974=CARTESIAN_POINT('',(0.0015,-0.008,0.0016));
#2975=CARTESIAN_POINT('',(0.,-0.008,0.0016));
#2976=CARTESIAN_POINT('',(0.0025,-0.008,0.0016));
#2977=CARTESIAN_POINT('',(0.0025,-0.008,0.));
#2978=CARTESIAN_POINT('',(0.0025,-0.007,0.));
#2979=CARTESIAN_POINT('',(0.0025,-0.007,0.0016));
#2980=CARTESIAN_POINT('',(0.0025,-0.007,0.0016));
#2981=CARTESIAN_POINT('',(0.0025,-0.008,0.0016));
#2982=CARTESIAN_POINT('',(0.006,-0.007,0.0016));
#2983=CARTESIAN_POINT('',(0.006,-0.007,0.));
#2984=CARTESIAN_POINT('',(0.0095,-0.007,0.));
#2985=CARTESIAN_POINT('',(0.0095,-0.007,0.0016));
#2986=CARTESIAN_POINT('',(0.0095,-0.007,0.0016));
#2987=CARTESIAN_POINT('',(0.006,-0.007,0.0016));
#2988=CARTESIAN_POINT('',(0.0095,0.,0.0016));
#2989=CARTESIAN_POINT('',(0.0095,0.,0.));
#2990=CARTESIAN_POINT('',(0.0095,0.007,0.));
#2991=CARTESIAN_POINT('',(0.0095,0.007,0.0016));
#2992=CARTESIAN_POINT('',(0.0095,0.007,0.0016));
#2993=CARTESIAN_POINT('',(0.0095,0.,0.0016));
#2994=CARTESIAN_POINT('',(0.006,0.007,0.0016));
#2995=CARTESIAN_POINT('',(0.006,0.007,0.));
#2996=CARTESIAN_POINT('',(0.0025,0.007,0.));
#2997=CARTESIAN_POINT('',(0.0025,0.007,0.0016));
#2998=CARTESIAN_POINT('',(0.0025,0.007,0.0016));
#2999=CARTESIAN_POINT('',(0.006,0.007,0.0016));
#3000=CARTESIAN_POINT('',(0.,0.008,0.0016));
#3001=CARTESIAN_POINT('',(0.,0.008,0.0016));
#3002=CARTESIAN_POINT('',(0.00105,0.008,0.0016));
#3003=CARTESIAN_POINT('',(0.,0.008,0.));
#3004=CARTESIAN_POINT('',(0.00105,0.008,0.));
#3005=CARTESIAN_POINT('',(0.00533,0.00507,0.0016));
#3006=CARTESIAN_POINT('',(0.00533,0.00507,0.));
#3007=CARTESIAN_POINT('',(0.00583,0.00507,0.));
#3008=CARTESIAN_POINT('',(-0.00787,-0.00507,0.0016));
#3009=CARTESIAN_POINT('',(-0.00787,-0.00507,0.));
#3010=CARTESIAN_POINT('',(-0.00737,-0.00507,0.));
#3011=CARTESIAN_POINT('',(0.00787,-0.00507,0.0016));
#3012=CARTESIAN_POINT('',(0.00787,-0.00507,0.));
#3013=CARTESIAN_POINT('',(0.00837,-0.00507,0.));
#3014=CARTESIAN_POINT('',(0.00533,-0.00507,0.0016));
#3015=CARTESIAN_POINT('',(0.00533,-0.00507,0.));
#3016=CARTESIAN_POINT('',(0.00583,-0.00507,0.));
#3017=CARTESIAN_POINT('',(-0.00533,-0.00507,0.0016));
#3018=CARTESIAN_POINT('',(-0.00533,-0.00507,0.));
#3019=CARTESIAN_POINT('',(-0.00483,-0.00507,0.));
#3020=CARTESIAN_POINT('',(0.00787,0.00507,0.0016));
#3021=CARTESIAN_POINT('',(0.00787,0.00507,0.));
#3022=CARTESIAN_POINT('',(0.00837,0.00507,0.));
#3023=CARTESIAN_POINT('',(-0.00533,0.00507,0.0016));
#3024=CARTESIAN_POINT('',(-0.00533,0.00507,0.));
#3025=CARTESIAN_POINT('',(-0.00483,0.00507,0.));
#3026=CARTESIAN_POINT('',(-0.00787,0.00507,0.0016));
#3027=CARTESIAN_POINT('',(-0.00787,0.00507,0.));
#3028=CARTESIAN_POINT('',(-0.00737,0.00507,0.));
#3029=CARTESIAN_POINT('',(0.,-0.008,0.0016));
#3030=CARTESIAN_POINT('',(0.,-0.008,0.0016));
#3031=CARTESIAN_POINT('',(0.00105,-0.008,0.0016));
#3032=CARTESIAN_POINT('',(0.,-0.008,0.));
#3033=CARTESIAN_POINT('',(0.00105,-0.008,0.));
#3034=CARTESIAN_POINT('',(0.0025,0.008,0.0016));
#3035=CARTESIAN_POINT('',(0.0025,0.008,0.));
#3036=CARTESIAN_POINT('',(0.0025,0.008,0.0016));
#3037=CARTESIAN_POINT('',(0.,0.,0.0016));
#3038=CARTESIAN_POINT('',(0.00130030629225075,-0.00480851738676429,0.0016));
#3039=CARTESIAN_POINT('',(0.00210030629225075,-0.00480851738676429,0.0016));
#3040=CARTESIAN_POINT('',(0.000500306292250752,-0.00480851738676429,0.0016));
#3041=CARTESIAN_POINT('',(0.000500306292250752,-0.00440851738676429,0.0016));
#3042=CARTESIAN_POINT('',(0.000500306292250752,-0.00400851738676429,0.0016));
#3043=CARTESIAN_POINT('',(0.00130030629225075,-0.00400851738676429,0.0016));
#3044=CARTESIAN_POINT('',(0.00210030629225075,-0.00400851738676429,0.0016));
#3045=CARTESIAN_POINT('',(0.00210030629225075,-0.00440851738676429,0.0016));
#3046=CARTESIAN_POINT('',(-0.0009,-0.00531191260516644,0.0016));
#3047=CARTESIAN_POINT('',(-0.0001,-0.00531191260516644,0.0016));
#3048=CARTESIAN_POINT('',(-0.0017,-0.00531191260516644,0.0016));
#3049=CARTESIAN_POINT('',(-0.0017,-0.00491191260516644,0.0016));
#3050=CARTESIAN_POINT('',(-0.0017,-0.00451191260516644,0.0016));
#3051=CARTESIAN_POINT('',(-0.0009,-0.00451191260516644,0.0016));
#3052=CARTESIAN_POINT('',(-0.0001,-0.00451191260516644,0.0016));
#3053=CARTESIAN_POINT('',(-0.0001,-0.00491191260516644,0.0016));
#3054=CARTESIAN_POINT('',(-0.0009,-0.00423551182060969,0.0016));
#3055=CARTESIAN_POINT('',(-0.0001,-0.00423551182060969,0.0016));
#3056=CARTESIAN_POINT('',(-0.0017,-0.00423551182060969,0.0016));
#3057=CARTESIAN_POINT('',(-0.0017,-0.00383551182060969,0.0016));
#3058=CARTESIAN_POINT('',(-0.0017,-0.00343551182060969,0.0016));
#3059=CARTESIAN_POINT('',(-0.0009,-0.00343551182060969,0.0016));
#3060=CARTESIAN_POINT('',(-0.0001,-0.00343551182060969,0.0016));
#3061=CARTESIAN_POINT('',(-0.0001,-0.00383551182060969,0.0016));
#3062=CARTESIAN_POINT('',(-0.00848166272044182,-0.000404308842974783,0.0016));
#3063=CARTESIAN_POINT('',(-0.00796560669709627,-0.000404308842974783,0.0016));
#3064=CARTESIAN_POINT('',(-0.00899771874378736,-0.000404308842974783,0.0016));
#3065=CARTESIAN_POINT('',(-0.00899771874378736,0.000793680432252586,0.0016));
#3066=CARTESIAN_POINT('',(-0.00899771874378736,0.00199166970747995,0.0016));
#3067=CARTESIAN_POINT('',(-0.00848166272044182,0.00199166970747995,0.0016));
#3068=CARTESIAN_POINT('',(-0.00796560669709627,0.00199166970747995,0.0016));
#3069=CARTESIAN_POINT('',(-0.00796560669709627,0.000793680432252586,0.0016));
#3070=CARTESIAN_POINT('',(-0.00467377854511142,-0.00258640267848969,0.0016));
#3071=CARTESIAN_POINT('',(-0.00387377854511142,-0.00258640267848969,0.0016));
#3072=CARTESIAN_POINT('',(-0.00547377854511142,-0.00258640267848969,0.0016));
#3073=CARTESIAN_POINT('',(-0.00547377854511142,-0.00218640267848969,0.0016));
#3074=CARTESIAN_POINT('',(-0.00547377854511142,-0.00178640267848968,0.0016));
#3075=CARTESIAN_POINT('',(-0.00467377854511142,-0.00178640267848968,0.0016));
#3076=CARTESIAN_POINT('',(-0.00387377854511142,-0.00178640267848968,0.0016));
#3077=CARTESIAN_POINT('',(-0.00387377854511142,-0.00218640267848969,0.0016));
#3078=CARTESIAN_POINT('',(-0.000813664984889328,0.00444696915373206,0.0016));
#3079=CARTESIAN_POINT('',(-1.36649848893281E-05,0.00444696915373206,0.0016));
#3080=CARTESIAN_POINT('',(-0.00161366498488933,0.00444696915373206,0.0016));
#3081=CARTESIAN_POINT('',(-0.00161366498488933,0.00484696915373206,0.0016));
#3082=CARTESIAN_POINT('',(-0.00161366498488933,0.00524696915373206,0.0016));
#3083=CARTESIAN_POINT('',(-0.000813664984889329,0.00524696915373205,0.0016));
#3084=CARTESIAN_POINT('',(-1.36649848893283E-05,0.00524696915373205,0.0016));
#3085=CARTESIAN_POINT('',(-1.36649848893282E-05,0.00484696915373206,0.0016));
#3086=CARTESIAN_POINT('',(0.0013755199033767,0.00327628200910985,0.0016));
#3087=CARTESIAN_POINT('',(0.0021755199033767,0.00327628200910985,0.0016));
#3088=CARTESIAN_POINT('',(0.000575519903376698,0.00327628200910985,0.0016));
#3089=CARTESIAN_POINT('',(0.000575519903376698,0.00367628200910985,0.0016));
#3090=CARTESIAN_POINT('',(0.000575519903376698,0.00407628200910985,0.0016));
#3091=CARTESIAN_POINT('',(0.0013755199033767,0.00407628200910985,0.0016));
#3092=CARTESIAN_POINT('',(0.0021755199033767,0.00407628200910985,0.0016));
#3093=CARTESIAN_POINT('',(0.0021755199033767,0.00367628200910985,0.0016));
#3094=CARTESIAN_POINT('',(-0.000813664984889329,0.00327628200910985,0.0016));
#3095=CARTESIAN_POINT('',(-1.36649848893287E-05,0.00327628200910985,0.0016));
#3096=CARTESIAN_POINT('',(-0.00161366498488933,0.00327628200910985,0.0016));
#3097=CARTESIAN_POINT('',(-0.00161366498488933,0.00367628200910985,0.0016));
#3098=CARTESIAN_POINT('',(-0.00161366498488933,0.00407628200910985,0.0016));
#3099=CARTESIAN_POINT('',(-0.000813664984889329,0.00407628200910985,0.0016));
#3100=CARTESIAN_POINT('',(-1.36649848893285E-05,0.00407628200910985,0.0016));
#3101=CARTESIAN_POINT('',(-1.36649848893286E-05,0.00367628200910985,0.0016));
#3102=CARTESIAN_POINT('',(-0.00690056290477514,-0.000385878252198632,0.0016));
#3103=CARTESIAN_POINT('',(-0.00634764492229726,-0.000385878252198632,0.0016));
#3104=CARTESIAN_POINT('',(-0.00745348088725303,-0.000385878252198631,0.0016));
#3105=CARTESIAN_POINT('',(-0.00745348088725303,0.000793680432252586,0.0016));
#3106=CARTESIAN_POINT('',(-0.00745348088725303,0.0019732391167038,0.0016));
#3107=CARTESIAN_POINT('',(-0.00690056290477514,0.0019732391167038,0.0016));
#3108=CARTESIAN_POINT('',(-0.00634764492229726,0.0019732391167038,0.0016));
#3109=CARTESIAN_POINT('',(-0.00634764492229726,0.000793680432252587,0.0016));
#3110=CARTESIAN_POINT('',(-0.00175,0.00025,0.0016));
#3111=CARTESIAN_POINT('',(-0.00175,0.00175,0.0016));
#3112=CARTESIAN_POINT('',(-0.00175,-0.00125,0.0016));
#3113=CARTESIAN_POINT('',(-0.00325,-0.00125,0.0016));
#3114=CARTESIAN_POINT('',(-0.00475,-0.00125,0.0016));
#3115=CARTESIAN_POINT('',(-0.00475,0.00025,0.0016));
#3116=CARTESIAN_POINT('',(-0.00475,0.00175,0.0016));
#3117=CARTESIAN_POINT('',(-0.00325,0.00175,0.0016));
#3118=CARTESIAN_POINT('',(0.00575,-0.0011,0.0016));
#3119=CARTESIAN_POINT('',(0.00655,-0.0011,0.0016));
#3120=CARTESIAN_POINT('',(0.00495,-0.0011,0.0016));
#3121=CARTESIAN_POINT('',(0.00495,0.0005,0.0016));
#3122=CARTESIAN_POINT('',(0.00495,0.0021,0.0016));
#3123=CARTESIAN_POINT('',(0.00575,0.0021,0.0016));
#3124=CARTESIAN_POINT('',(0.00655,0.0021,0.0016));
#3125=CARTESIAN_POINT('',(0.00655,0.0005,0.0016));
#3126=CARTESIAN_POINT('',(0.008,-0.0011,0.0016));
#3127=CARTESIAN_POINT('',(0.0088,-0.0011,0.0016));
#3128=CARTESIAN_POINT('',(0.0072,-0.0011,0.0016));
#3129=CARTESIAN_POINT('',(0.0072,0.0005,0.0016));
#3130=CARTESIAN_POINT('',(0.0072,0.0021,0.0016));
#3131=CARTESIAN_POINT('',(0.008,0.0021,0.0016));
#3132=CARTESIAN_POINT('',(0.0088,0.0021,0.0016));
#3133=CARTESIAN_POINT('',(0.0088,0.0005,0.0016));
#3134=CARTESIAN_POINT('',(0.00175,-0.00275,0.0016));
#3135=CARTESIAN_POINT('',(0.0044,-0.00275,0.0016));
#3136=CARTESIAN_POINT('',(-0.0009,-0.00275,0.0016));
#3137=CARTESIAN_POINT('',(-0.0009,-2.16840434497101E-19,0.0016));
#3138=CARTESIAN_POINT('',(-0.0009,0.00275,0.0016));
#3139=CARTESIAN_POINT('',(0.00175,0.00275,0.0016));
#3140=CARTESIAN_POINT('',(0.0044,0.00275,0.0016));
#3141=CARTESIAN_POINT('',(0.0044,0.,0.0016));
#3142=CARTESIAN_POINT('',(0.,0.,0.));
#3143=CARTESIAN_POINT('',(0.00175,-0.00275,0.0046));
#3144=CARTESIAN_POINT('',(0.0044,-0.00275,0.0046));
#3145=CARTESIAN_POINT('',(0.0044,-0.00275,0.0046));
#3146=CARTESIAN_POINT('',(0.00175,-0.00275,0.0046));
#3147=CARTESIAN_POINT('',(-0.0009,-0.00275,0.0046));
#3148=CARTESIAN_POINT('',(-0.0009,-0.00275,0.0046));
#3149=CARTESIAN_POINT('',(0.0044,0.,0.0046));
#3150=CARTESIAN_POINT('',(0.0044,0.00275,0.0046));
#3151=CARTESIAN_POINT('',(0.0044,0.00275,0.0046));
#3152=CARTESIAN_POINT('',(0.0044,0.,0.0046));
#3153=CARTESIAN_POINT('',(0.00175,0.00275,0.0046));
#3154=CARTESIAN_POINT('',(-0.0009,0.00275,0.0046));
#3155=CARTESIAN_POINT('',(-0.0009,0.00275,0.0046));
#3156=CARTESIAN_POINT('',(0.00175,0.00275,0.0046));
#3157=CARTESIAN_POINT('',(-0.0009,-2.16840434497101E-19,0.0046));
#3158=CARTESIAN_POINT('',(-0.0009,-2.16840434497101E-19,0.0046));
#3159=CARTESIAN_POINT('',(0.,0.,0.0046));
#3160=CARTESIAN_POINT('',(0.008,-0.0011,0.0036));
#3161=CARTESIAN_POINT('',(0.0088,-0.0011,0.0036));
#3162=CARTESIAN_POINT('',(0.0088,-0.0011,0.0036));
#3163=CARTESIAN_POINT('',(0.008,-0.0011,0.0036));
#3164=CARTESIAN_POINT('',(0.0072,-0.0011,0.0036));
#3165=CARTESIAN_POINT('',(0.0072,-0.0011,0.0036));
#3166=CARTESIAN_POINT('',(0.0088,0.0005,0.0036));
#3167=CARTESIAN_POINT('',(0.0088,0.0021,0.0036));
#3168=CARTESIAN_POINT('',(0.0088,0.0021,0.0036));
#3169=CARTESIAN_POINT('',(0.0088,0.0005,0.0036));
#3170=CARTESIAN_POINT('',(0.008,0.0021,0.0036));
#3171=CARTESIAN_POINT('',(0.0072,0.0021,0.0036));
#3172=CARTESIAN_POINT('',(0.0072,0.0021,0.0036));
#3173=CARTESIAN_POINT('',(0.008,0.0021,0.0036));
#3174=CARTESIAN_POINT('',(0.0072,0.0005,0.0036));
#3175=CARTESIAN_POINT('',(0.0072,0.0005,0.0036));
#3176=CARTESIAN_POINT('',(0.,0.,0.0036));
#3177=CARTESIAN_POINT('',(0.00575,-0.0011,0.0036));
#3178=CARTESIAN_POINT('',(0.00655,-0.0011,0.0036));
#3179=CARTESIAN_POINT('',(0.00655,-0.0011,0.0036));
#3180=CARTESIAN_POINT('',(0.00575,-0.0011,0.0036));
#3181=CARTESIAN_POINT('',(0.00495,-0.0011,0.0036));
#3182=CARTESIAN_POINT('',(0.00495,-0.0011,0.0036));
#3183=CARTESIAN_POINT('',(0.00655,0.0005,0.0036));
#3184=CARTESIAN_POINT('',(0.00655,0.0021,0.0036));
#3185=CARTESIAN_POINT('',(0.00655,0.0021,0.0036));
#3186=CARTESIAN_POINT('',(0.00655,0.0005,0.0036));
#3187=CARTESIAN_POINT('',(0.00575,0.0021,0.0036));
#3188=CARTESIAN_POINT('',(0.00495,0.0021,0.0036));
#3189=CARTESIAN_POINT('',(0.00495,0.0021,0.0036));
#3190=CARTESIAN_POINT('',(0.00575,0.0021,0.0036));
#3191=CARTESIAN_POINT('',(0.00495,0.0005,0.0036));
#3192=CARTESIAN_POINT('',(0.00495,0.0005,0.0036));
#3193=CARTESIAN_POINT('',(0.,0.,0.0036));
#3194=CARTESIAN_POINT('',(-0.00175,0.00025,0.0026));
#3195=CARTESIAN_POINT('',(-0.00175,0.00175,0.0026));
#3196=CARTESIAN_POINT('',(-0.00175,0.00175,0.0026));
#3197=CARTESIAN_POINT('',(-0.00175,0.00025,0.0026));
#3198=CARTESIAN_POINT('',(-0.00175,-0.00125,0.0026));
#3199=CARTESIAN_POINT('',(-0.00175,-0.00125,0.0026));
#3200=CARTESIAN_POINT('',(-0.00325,0.00175,0.0026));
#3201=CARTESIAN_POINT('',(-0.00475,0.00175,0.0026));
#3202=CARTESIAN_POINT('',(-0.00475,0.00175,0.0026));
#3203=CARTESIAN_POINT('',(-0.00325,0.00175,0.0026));
#3204=CARTESIAN_POINT('',(-0.00475,0.00025,0.0026));
#3205=CARTESIAN_POINT('',(-0.00475,-0.00125,0.0026));
#3206=CARTESIAN_POINT('',(-0.00475,-0.00125,0.0026));
#3207=CARTESIAN_POINT('',(-0.00475,0.00025,0.0026));
#3208=CARTESIAN_POINT('',(-0.00325,-0.00125,0.0026));
#3209=CARTESIAN_POINT('',(-0.00325,-0.00125,0.0026));
#3210=CARTESIAN_POINT('',(0.,0.,0.0026));
#3211=CARTESIAN_POINT('',(-0.00690056290477514,-0.000385878252198632,0.0026));
#3212=CARTESIAN_POINT('',(-0.00634764492229726,-0.000385878252198632,0.0026));
#3213=CARTESIAN_POINT('',(-0.00634764492229726,-0.000385878252198632,0.0026));
#3214=CARTESIAN_POINT('',(-0.00690056290477514,-0.000385878252198632,0.0026));
#3215=CARTESIAN_POINT('',(-0.00745348088725303,-0.000385878252198631,0.0026));
#3216=CARTESIAN_POINT('',(-0.00745348088725303,-0.000385878252198631,0.0026));
#3217=CARTESIAN_POINT('',(-0.00634764492229726,0.000793680432252587,0.0026));
#3218=CARTESIAN_POINT('',(-0.00634764492229726,0.0019732391167038,0.0026));
#3219=CARTESIAN_POINT('',(-0.00634764492229726,0.0019732391167038,0.0026));
#3220=CARTESIAN_POINT('',(-0.00634764492229726,0.000793680432252587,0.0026));
#3221=CARTESIAN_POINT('',(-0.00690056290477514,0.0019732391167038,0.0026));
#3222=CARTESIAN_POINT('',(-0.00745348088725303,0.0019732391167038,0.0026));
#3223=CARTESIAN_POINT('',(-0.00745348088725303,0.0019732391167038,0.0026));
#3224=CARTESIAN_POINT('',(-0.00690056290477514,0.0019732391167038,0.0026));
#3225=CARTESIAN_POINT('',(-0.00745348088725303,0.000793680432252586,0.0026));
#3226=CARTESIAN_POINT('',(-0.00745348088725303,0.000793680432252586,0.0026));
#3227=CARTESIAN_POINT('',(0.,0.,0.0026));
#3228=CARTESIAN_POINT('',(-0.000813664984889329,0.00327628200910985,0.0026));
#3229=CARTESIAN_POINT('',(-1.36649848893287E-05,0.00327628200910985,0.0026));
#3230=CARTESIAN_POINT('',(-1.36649848893287E-05,0.00327628200910985,0.0026));
#3231=CARTESIAN_POINT('',(-0.000813664984889329,0.00327628200910985,0.0026));
#3232=CARTESIAN_POINT('',(-0.00161366498488933,0.00327628200910985,0.0026));
#3233=CARTESIAN_POINT('',(-0.00161366498488933,0.00327628200910985,0.0026));
#3234=CARTESIAN_POINT('',(-1.36649848893286E-05,0.00367628200910985,0.0026));
#3235=CARTESIAN_POINT('',(-1.36649848893285E-05,0.00407628200910985,0.0026));
#3236=CARTESIAN_POINT('',(-1.36649848893285E-05,0.00407628200910985,0.0026));
#3237=CARTESIAN_POINT('',(-1.36649848893286E-05,0.00367628200910985,0.0026));
#3238=CARTESIAN_POINT('',(-0.000813664984889329,0.00407628200910985,0.0026));
#3239=CARTESIAN_POINT('',(-0.00161366498488933,0.00407628200910985,0.0026));
#3240=CARTESIAN_POINT('',(-0.00161366498488933,0.00407628200910985,0.0026));
#3241=CARTESIAN_POINT('',(-0.000813664984889329,0.00407628200910985,0.0026));
#3242=CARTESIAN_POINT('',(-0.00161366498488933,0.00367628200910985,0.0026));
#3243=CARTESIAN_POINT('',(-0.00161366498488933,0.00367628200910985,0.0026));
#3244=CARTESIAN_POINT('',(0.,0.,0.0026));
#3245=CARTESIAN_POINT('',(0.0013755199033767,0.00327628200910985,0.0026));
#3246=CARTESIAN_POINT('',(0.0021755199033767,0.00327628200910985,0.0026));
#3247=CARTESIAN_POINT('',(0.0021755199033767,0.00327628200910985,0.0026));
#3248=CARTESIAN_POINT('',(0.0013755199033767,0.00327628200910985,0.0026));
#3249=CARTESIAN_POINT('',(0.000575519903376698,0.00327628200910985,0.0026));
#3250=CARTESIAN_POINT('',(0.000575519903376698,0.00327628200910985,0.0026));
#3251=CARTESIAN_POINT('',(0.0021755199033767,0.00367628200910985,0.0026));
#3252=CARTESIAN_POINT('',(0.0021755199033767,0.00407628200910985,0.0026));
#3253=CARTESIAN_POINT('',(0.0021755199033767,0.00407628200910985,0.0026));
#3254=CARTESIAN_POINT('',(0.0021755199033767,0.00367628200910985,0.0026));
#3255=CARTESIAN_POINT('',(0.0013755199033767,0.00407628200910985,0.0026));
#3256=CARTESIAN_POINT('',(0.000575519903376698,0.00407628200910985,0.0026));
#3257=CARTESIAN_POINT('',(0.000575519903376698,0.00407628200910985,0.0026));
#3258=CARTESIAN_POINT('',(0.0013755199033767,0.00407628200910985,0.0026));
#3259=CARTESIAN_POINT('',(0.000575519903376698,0.00367628200910985,0.0026));
#3260=CARTESIAN_POINT('',(0.000575519903376698,0.00367628200910985,0.0026));
#3261=CARTESIAN_POINT('',(0.,0.,0.0026));
#3262=CARTESIAN_POINT('',(-0.000813664984889328,0.00444696915373206,0.0026));
#3263=CARTESIAN_POINT('',(-1.36649848893281E-05,0.00444696915373206,0.0026));
#3264=CARTESIAN_POINT('',(-1.36649848893281E-05,0.00444696915373206,0.0026));
#3265=CARTESIAN_POINT('',(-0.000813664984889328,0.00444696915373206,0.0026));
#3266=CARTESIAN_POINT('',(-0.00161366498488933,0.00444696915373206,0.0026));
#3267=CARTESIAN_POINT('',(-0.00161366498488933,0.00444696915373206,0.0026));
#3268=CARTESIAN_POINT('',(-1.36649848893282E-05,0.00484696915373206,0.0026));
#3269=CARTESIAN_POINT('',(-1.36649848893283E-05,0.00524696915373205,0.0026));
#3270=CARTESIAN_POINT('',(-1.36649848893283E-05,0.00524696915373205,0.0026));
#3271=CARTESIAN_POINT('',(-1.36649848893282E-05,0.00484696915373206,0.0026));
#3272=CARTESIAN_POINT('',(-0.000813664984889329,0.00524696915373205,0.0026));
#3273=CARTESIAN_POINT('',(-0.00161366498488933,0.00524696915373206,0.0026));
#3274=CARTESIAN_POINT('',(-0.00161366498488933,0.00524696915373206,0.0026));
#3275=CARTESIAN_POINT('',(-0.000813664984889329,0.00524696915373205,0.0026));
#3276=CARTESIAN_POINT('',(-0.00161366498488933,0.00484696915373206,0.0026));
#3277=CARTESIAN_POINT('',(-0.00161366498488933,0.00484696915373206,0.0026));
#3278=CARTESIAN_POINT('',(0.,0.,0.0026));
#3279=CARTESIAN_POINT('',(-0.00467377854511142,-0.00258640267848969,0.0026));
#3280=CARTESIAN_POINT('',(-0.00387377854511142,-0.00258640267848969,0.0026));
#3281=CARTESIAN_POINT('',(-0.00387377854511142,-0.00258640267848969,0.0026));
#3282=CARTESIAN_POINT('',(-0.00467377854511142,-0.00258640267848969,0.0026));
#3283=CARTESIAN_POINT('',(-0.00547377854511142,-0.00258640267848969,0.0026));
#3284=CARTESIAN_POINT('',(-0.00547377854511142,-0.00258640267848969,0.0026));
#3285=CARTESIAN_POINT('',(-0.00387377854511142,-0.00218640267848969,0.0026));
#3286=CARTESIAN_POINT('',(-0.00387377854511142,-0.00178640267848968,0.0026));
#3287=CARTESIAN_POINT('',(-0.00387377854511142,-0.00178640267848968,0.0026));
#3288=CARTESIAN_POINT('',(-0.00387377854511142,-0.00218640267848969,0.0026));
#3289=CARTESIAN_POINT('',(-0.00467377854511142,-0.00178640267848968,0.0026));
#3290=CARTESIAN_POINT('',(-0.00547377854511142,-0.00178640267848968,0.0026));
#3291=CARTESIAN_POINT('',(-0.00547377854511142,-0.00178640267848968,0.0026));
#3292=CARTESIAN_POINT('',(-0.00467377854511142,-0.00178640267848968,0.0026));
#3293=CARTESIAN_POINT('',(-0.00547377854511142,-0.00218640267848969,0.0026));
#3294=CARTESIAN_POINT('',(-0.00547377854511142,-0.00218640267848969,0.0026));
#3295=CARTESIAN_POINT('',(0.,0.,0.0026));
#3296=CARTESIAN_POINT('',(-0.00848166272044182,-0.000404308842974783,0.0026));
#3297=CARTESIAN_POINT('',(-0.00796560669709627,-0.000404308842974783,0.0026));
#3298=CARTESIAN_POINT('',(-0.00796560669709627,-0.000404308842974783,0.0026));
#3299=CARTESIAN_POINT('',(-0.00848166272044182,-0.000404308842974783,0.0026));
#3300=CARTESIAN_POINT('',(-0.00899771874378736,-0.000404308842974783,0.0026));
#3301=CARTESIAN_POINT('',(-0.00899771874378736,-0.000404308842974783,0.0026));
#3302=CARTESIAN_POINT('',(-0.00796560669709627,0.000793680432252586,0.0026));
#3303=CARTESIAN_POINT('',(-0.00796560669709627,0.00199166970747995,0.0026));
#3304=CARTESIAN_POINT('',(-0.00796560669709627,0.00199166970747995,0.0026));
#3305=CARTESIAN_POINT('',(-0.00796560669709627,0.000793680432252586,0.0026));
#3306=CARTESIAN_POINT('',(-0.00848166272044182,0.00199166970747995,0.0026));
#3307=CARTESIAN_POINT('',(-0.00899771874378736,0.00199166970747995,0.0026));
#3308=CARTESIAN_POINT('',(-0.00899771874378736,0.00199166970747995,0.0026));
#3309=CARTESIAN_POINT('',(-0.00848166272044182,0.00199166970747995,0.0026));
#3310=CARTESIAN_POINT('',(-0.00899771874378736,0.000793680432252586,0.0026));
#3311=CARTESIAN_POINT('',(-0.00899771874378736,0.000793680432252586,0.0026));
#3312=CARTESIAN_POINT('',(0.,0.,0.0026));
#3313=CARTESIAN_POINT('',(-0.0009,-0.00423551182060969,0.0026));
#3314=CARTESIAN_POINT('',(-0.0001,-0.00423551182060969,0.0026));
#3315=CARTESIAN_POINT('',(-0.0001,-0.00423551182060969,0.0026));
#3316=CARTESIAN_POINT('',(-0.0009,-0.00423551182060969,0.0026));
#3317=CARTESIAN_POINT('',(-0.0017,-0.00423551182060969,0.0026));
#3318=CARTESIAN_POINT('',(-0.0017,-0.00423551182060969,0.0026));
#3319=CARTESIAN_POINT('',(-0.0001,-0.00383551182060969,0.0026));
#3320=CARTESIAN_POINT('',(-0.0001,-0.00343551182060969,0.0026));
#3321=CARTESIAN_POINT('',(-0.0001,-0.00343551182060969,0.0026));
#3322=CARTESIAN_POINT('',(-0.0001,-0.00383551182060969,0.0026));
#3323=CARTESIAN_POINT('',(-0.0009,-0.00343551182060969,0.0026));
#3324=CARTESIAN_POINT('',(-0.0017,-0.00343551182060969,0.0026));
#3325=CARTESIAN_POINT('',(-0.0017,-0.00343551182060969,0.0026));
#3326=CARTESIAN_POINT('',(-0.0009,-0.00343551182060969,0.0026));
#3327=CARTESIAN_POINT('',(-0.0017,-0.00383551182060969,0.0026));
#3328=CARTESIAN_POINT('',(-0.0017,-0.00383551182060969,0.0026));
#3329=CARTESIAN_POINT('',(0.,0.,0.0026));
#3330=CARTESIAN_POINT('',(-0.0009,-0.00531191260516644,0.0026));
#3331=CARTESIAN_POINT('',(-0.0001,-0.00531191260516644,0.0026));
#3332=CARTESIAN_POINT('',(-0.0001,-0.00531191260516644,0.0026));
#3333=CARTESIAN_POINT('',(-0.0009,-0.00531191260516644,0.0026));
#3334=CARTESIAN_POINT('',(-0.0017,-0.00531191260516644,0.0026));
#3335=CARTESIAN_POINT('',(-0.0017,-0.00531191260516644,0.0026));
#3336=CARTESIAN_POINT('',(-0.0001,-0.00491191260516644,0.0026));
#3337=CARTESIAN_POINT('',(-0.0001,-0.00451191260516644,0.0026));
#3338=CARTESIAN_POINT('',(-0.0001,-0.00451191260516644,0.0026));
#3339=CARTESIAN_POINT('',(-0.0001,-0.00491191260516644,0.0026));
#3340=CARTESIAN_POINT('',(-0.0009,-0.00451191260516644,0.0026));
#3341=CARTESIAN_POINT('',(-0.0017,-0.00451191260516644,0.0026));
#3342=CARTESIAN_POINT('',(-0.0017,-0.00451191260516644,0.0026));
#3343=CARTESIAN_POINT('',(-0.0009,-0.00451191260516644,0.0026));
#3344=CARTESIAN_POINT('',(-0.0017,-0.00491191260516644,0.0026));
#3345=CARTESIAN_POINT('',(-0.0017,-0.00491191260516644,0.0026));
#3346=CARTESIAN_POINT('',(0.,0.,0.0026));
#3347=CARTESIAN_POINT('',(0.00130030629225075,-0.00480851738676429,0.0026));
#3348=CARTESIAN_POINT('',(0.00210030629225075,-0.00480851738676429,0.0026));
#3349=CARTESIAN_POINT('',(0.00210030629225075,-0.00480851738676429,0.0026));
#3350=CARTESIAN_POINT('',(0.00130030629225075,-0.00480851738676429,0.0026));
#3351=CARTESIAN_POINT('',(0.000500306292250752,-0.00480851738676429,0.0026));
#3352=CARTESIAN_POINT('',(0.000500306292250752,-0.00480851738676429,0.0026));
#3353=CARTESIAN_POINT('',(0.00210030629225075,-0.00440851738676429,0.0026));
#3354=CARTESIAN_POINT('',(0.00210030629225075,-0.00400851738676429,0.0026));
#3355=CARTESIAN_POINT('',(0.00210030629225075,-0.00400851738676429,0.0026));
#3356=CARTESIAN_POINT('',(0.00210030629225075,-0.00440851738676429,0.0026));
#3357=CARTESIAN_POINT('',(0.00130030629225075,-0.00400851738676429,0.0026));
#3358=CARTESIAN_POINT('',(0.000500306292250752,-0.00400851738676429,0.0026));
#3359=CARTESIAN_POINT('',(0.000500306292250752,-0.00400851738676429,0.0026));
#3360=CARTESIAN_POINT('',(0.00130030629225075,-0.00400851738676429,0.0026));
#3361=CARTESIAN_POINT('',(0.000500306292250752,-0.00440851738676429,0.0026));
#3362=CARTESIAN_POINT('',(0.000500306292250752,-0.00440851738676429,0.0026));
#3363=CARTESIAN_POINT('',(0.,0.,0.0026));
#3364=MECHANICAL_DESIGN_GEOMETRIC_PRESENTATION_REPRESENTATION('',(#1799,#1621,#1622,#1623,#1624,#1625,#1626,#1627,#1628,#1629,#1630,#1631,#1632,#1633,#1634,#1635,#1636,#1637,#1638,#1639,#1640,#1641,#1642,#1643,#1644,#1645,#1646,#1647,#1648,#1649,#1650,#1651,#1652,#1653,#1654,#1655,#1656,#1657,#1658,#1659,#1660,#1661,#1662,#1663,#1664,#1665,#1666,#1667,#1668,#1669,#1670,#1671,#1672,#1673,#1674,#1675,#1676,#1677,#1678,#1679,#1680,#1681,#1682,#1683,#1684,#1685,#1686,#1687,#1688,#1689,#1690,#1691,#1692,#1693,#1694,#1695,#1696,#1697,#1698,#1699,#1700),#3365);
#3365=(
GEOMETRIC_REPRESENTATION_CONTEXT(3)
GLOBAL_UNCERTAINTY_ASSIGNED_CONTEXT((#3366))
GLOBAL_UNIT_ASSIGNED_CONTEXT((#3369,#3368,#3367))
REPRESENTATION_CONTEXT('SPS26_5V5A','TOP_LEVEL_ASSEMBLY_PART')
);
#3366=UNCERTAINTY_MEASURE_WITH_UNIT(LENGTH_MEASURE(1.E-08),#3369,'DISTANCE_ACCURACY_VALUE','Maximum Tolerance applied to model');
#3367=(
NAMED_UNIT(*)
SI_UNIT($,.STERADIAN.)
SOLID_ANGLE_UNIT()
);
#3368=(
NAMED_UNIT(*)
PLANE_ANGLE_UNIT()
SI_UNIT($,.RADIAN.)
);
#3369=(
LENGTH_UNIT()
NAMED_UNIT(*)
SI_UNIT($,.METRE.)
);
#3370=PRODUCT_DEFINITION_SHAPE('','',#3371);
#3371=PRODUCT_DEFINITION('','',#3373,#3372);
#3372=PRODUCT_DEFINITION_CONTEXT('',#3379,'design');
#3373=PRODUCT_DEFINITION_FORMATION_WITH_SPECIFIED_SOURCE('','',#3375,.NOT_KNOWN.);
#3374=PRODUCT_RELATED_PRODUCT_CATEGORY('','',(#3375));
#3375=PRODUCT('SPS26_5V5A','SPS26_5V5A','SPS26_5V5A',(#3377));
#3376=PRODUCT_CATEGORY('','');
#3377=PRODUCT_CONTEXT('',#3379,'mechanical');
#3378=APPLICATION_PROTOCOL_DEFINITION('international standard','ap242_managed_model_based_3d_engineering',2020,#3379);
#3379=APPLICATION_CONTEXT('managed model based 3d engineering');
ENDSEC;
END-ISO-10303-21;
